word,most_pmi,count
walter,0.5250926720959012,1547
mama,0.31444790378975096,175
fuk,0.3130665150287977,71
penguin,0.26976049448962125,23
likes,0.2693940298922583,89
trucks,0.2609864835108046,147
penis,0.25282269924677975,202
orange,0.24866720704334383,168
maze,0.2441842299995677,29
dislikes,0.24385741099889865,39
frick,0.2410940434613648,28
mason,0.23913244102982614,23
hamburger,0.23499981949544504,10
canal,0.23234791051256104,18
poo,0.23229001466644034,26
e,0.2292116286155918,403
r,0.22720032058803413,2061
momma,0.22694030083504582,15
minecraft,0.22612096001690649,328
l,0.22496357223647,202
subscribers,0.22276128077792792,17
font,0.22274141748142431,21
fortnite,0.2226146381148366,243
snort,0.2202275687177361,6
n,0.21810140025594127,237
o,0.21406097151236292,268
poland,0.21389596913866332,27
wil,0.2124749329130121,6
repost,0.21120563568047138,112
morgan,0.21098942189750222,19
profile,0.21071975552895356,186
ads,0.21052297948186902,105
h,0.20925833217122108,114
¡,0.20837561477270924,11
p,0.2068315237916737,96
sauce,0.20546348495185812,69
youtuber,0.20365844200060967,66
fart,0.20195642768189584,99
k,0.20177622098882447,90
g,0.2014392231689497,112
diss,0.1990704073989475,11
/,0.19895592864006365,2634
dances,0.19841602757357954,8
shut,0.19835151392084296,146
hearted,0.19756556584318233,17
satire,0.1974119284578622,63
kid,0.196461305700507,458
peep,0.19643578052367783,9
erection,0.19640360440000554,23
,0.19619914423708606,546
c,0.19399474399889866,140
channel,0.1925402629240439,205
b,0.191330361938751,67
poop,0.19073631414652023,126
w,0.19048592922877994,166
spelt,0.18966406749166403,14
raping,0.18947628770354735,69
tissues,0.18941344693801535,10
converse,0.1871370633778533,15
y,0.18702664601936578,89
gods,0.1843729420562181,84
emojis,0.184278521425367,36
subreddit,0.18403028695033233,2536
twists,0.1830250549699171,10
sections,0.1829265578335045,17
imbecile,0.1818608069483614,19
youtube,0.18170930950147213,270
bruv,0.17982160976757375,9
yeet,0.1789852985997247,36
web,0.17831872838923193,15
nugget,0.17812237166439887,8
vid,0.17772031555606477,75
algorithm,0.17728393513314467,6
traced,0.17665418377706404,10
bobs,0.17583535627281646,14
fbi,0.17539801896523996,27
normie,0.17533304105918388,35
ali,0.17485953833129725,10
roses,0.17483630084887075,9
gamer,0.17464938885931483,77
dab,0.17421990078565439,23
fricking,0.17395639527560602,11
u,0.17364689744322048,694
yo,0.1734510001753553,171
doe,0.1721616304466952,20
mrs,0.17203747771936495,11
banana,0.17197765514641744,13
seals,0.17123475098229193,8
uncultured,0.17039236122686963,8
bruh,0.17028433038121576,199
fr,0.1691659604602455,17
geometry,0.1691482584633214,5
pooping,0.16908415031399374,23
pic,0.16902616737285064,171
noo,0.16884691945558808,8
hee,0.16853948320009954,6
section,0.1681309580706522,74
ck,0.16752088261939926,21
te,0.16744641385100376,7
bot,0.1673342031571768,102
views,0.1671868132001335,43
stab,0.16532064156032292,5
bean,0.1641912528849439,33
farts,0.1641303735863382,27
jpeg,0.164017638650907,17
wayne,0.16387505140969125,6
yt,0.16372177927706036,48
alexa,0.1634953905923264,17
crosspost,0.16338737450282778,11
homo,0.16319383876218707,11
subscriber,0.16207179884819162,20
stroke,0.16171531895414612,41
dum,0.1616601962348496,13
hol,0.16118331279360942,17
dat,0.16052944205463338,12
swearing,0.15997107754079828,14
blur,0.1591846727980029,14
video,0.1591135733877104,545
cake,0.1581419560836955,141
cum,0.1581123691797795,45
reposting,0.15800154144387862,25
{,0.15780270388002063,4
escalated,0.15730139987577382,13
swedish,0.15721635152390487,9
conclusion,0.15688598170322407,18
extensively,0.15664192411568026,9
quirky,0.15648768550093098,13
videos,0.15553220625271147,174
whos,0.15502352713430934,10
hentai,0.15441196627912826,26
charles,0.15437034095231042,31
paul,0.15435219169449682,34
sans,0.1540682007902088,24
owo,0.15401719178529016,22
clash,0.15366782906837262,6
uploads,0.15344710710763174,8
annoying,0.1528526032676662,179
bread,0.15278003243257182,9
ni,0.15202314348309798,5
speaking,0.15114470925033371,78
culture,0.15105077468304456,55
lad,0.1506648347395299,16
doo,0.15041184761473242,13
xxx,0.1501755209887332,10
cease,0.14966500256932064,15
undo,0.1495489218802846,16
death,0.1492979840827436,143
incognito,0.14898382161392792,9
redacted,0.1487719948212707,13
mommy,0.14852522632211693,18
kiddo,0.14818133417852977,9
frickin,0.14795646815571198,6
petition,0.14794919615226546,13
vids,0.1478178502376708,25
william,0.14728477801869586,8
action,0.1471563033481385,23
santa,0.14699525136839545,35
copypasta,0.1469430788019416,19
drown,0.14671861775414832,10
rick,0.14627897859307415,42
mi,0.14621369358868255,7
ikr,0.1456548513234586,31
swine,0.14553020235913966,8
tha,0.14544837416573392,6
embarrassment,0.14491279257869533,17
z,0.14439223213889812,9
furry,0.14436078363584082,26
crusade,0.14417120563740188,10
subscribe,0.14410808047846072,41
duck,0.1438796477155426,9
swear,0.14344979329146942,49
deadass,0.143312720340366,6
youtubers,0.14319010551992775,30
disliked,0.1424243162515203,17
cha,0.14236869488015969,8
spongebob,0.142127706714307,32
language,0.14185788931585694,103
f,0.14166432764174897,260
ironic,0.14160687167329136,41
unfunny,0.14142814571783766,12
sex,0.14127649104405052,268
grounded,0.1412241589154756,11
reposts,0.14102385113837637,19
olds,0.1407679411470365,80
spelled,0.140214349451091,13
noooooo,0.14004174479911513,7
bro,0.13980666503473096,120
hoes,0.13972370379975313,11
mum,0.13960792687424453,33
satirical,0.13956582380488755,5
forgive,0.1395422700164599,10
screenshot,0.13949872529501742,83
ar,0.13943996506823103,25
cringe,0.1389208881428535,104
top,0.13871271393420734,74
goin,0.13860217362148983,7
crafted,0.13833688951130563,16
pinned,0.1382625358779752,17
fort,0.13819024069042482,4
emoji,0.13815786364656713,24
user,0.13793651621257022,224
ja,0.13786303006439116,7
hi,0.13779994187076078,80
arabic,0.13771307441100683,5
tat,0.13729748384774884,10
woosh,0.1369631988180306,13
noob,0.13647214437968225,42
roasted,0.13639473832807358,13
upvotes,0.13621365730679932,62
reposted,0.13597651023813048,28
username,0.1358546953104334,131
jake,0.13575272475489952,21
griffin,0.13564502550471638,5
shaking,0.13561702215563118,10
trolled,0.1352263562252908,10
relatable,0.13513586573874595,32
rapper,0.1351296662022449,7
pornhub,0.1350602494242409,17
ma,0.13492439345528068,10
kids,0.13471788781004151,294
watching,0.13366323914242603,176
rap,0.1334420512986742,38
sonic,0.13306260955684138,41
hack,0.1329101795616142,28
ngl,0.13263314044941618,27
j,0.13251148941519644,22
flair,0.13194089750788507,52
ipad,0.1314806261684858,14
ded,0.13144396548136858,11
de,0.13140750775544255,11
tf,0.13111669033421056,48
sees,0.13086074161978434,10
boob,0.13075767152118123,6
mario,0.13055015258668798,51
heck,0.13002180057050053,30
onion,0.12989796980651558,14
uno,0.1298852385429089,4
logan,0.12965207325162403,14
censor,0.129621366713149,22
jay,0.12930555936076862,15
usernames,0.12906891017012417,7
ip,0.1286073376105714,12
rhymes,0.12843151511583537,4
comments,0.12816069555752801,214
spammed,0.12804789812253356,8
clickbait,0.12784392939511882,28
rekt,0.12760390600545143,11
twelve,0.1273167108305753,4
ninja,0.1271390016494585,35
oranges,0.12702810770295925,11
nights,0.12652319325383318,14
savage,0.12620641981027803,20
comment,0.1261129815555475,415
commenter,0.12606802630699515,25
plz,0.12563243461830154,42
epic,0.12479132200433127,145
uwu,0.12469568412787452,14
yee,0.12431451542012227,8
cringy,0.12424689630411223,16
motherfucking,0.1237280714927683,9
jojo,0.1236484549567172,32
misspelled,0.12331309098959616,11
gay,0.12327548978317791,193
butthole,0.12197407486091479,8
normies,0.12192144781526121,18
wipes,0.12186215957638645,12
merch,0.12184470651549861,17
performed,0.12171857785975748,9
omg,0.12154146546970632,158
pig,0.12087557739669755,21
ayy,0.12027599768904086,11
towers,0.12019694970154164,4
spelling,0.1201838654626923,39
fool,0.12002350235737315,14
navy,0.11999993337969801,9
prepare,0.11995325644219475,15
pants,0.11979726563032025,23
ew,0.11948097440931053,18
joke,0.11918050621656857,225
gates,0.1187445618824207,11
pause,0.11865649124091697,3
god,0.11864962570729419,212
grammar,0.11850966799356759,31
cursed,0.11850058666853448,62
happy,0.11849259326643857,167
pee,0.11814517107263127,33
laughter,0.11778217620555143,5
dis,0.11761159893809353,15
word,0.11715064996949943,252
roger,0.11692361653586847,9
checks,0.11687311560119826,47
xd,0.1166179139434402,116
du,0.11660673106664476,5
smh,0.11637689965046824,63
outstanding,0.11635614253590851,11
joseph,0.11622058786622406,5
belongs,0.11619474591075589,12
notifications,0.11614409503983378,18
billy,0.1160935066108679,7
ik,0.11596163633431028,16
nvm,0.11591256518587273,11
lil,0.11583231422137047,45
teh,0.11558314765094524,5
3am,0.11524407698247173,10
mortal,0.11463642742477272,7
joy,0.11431683061933376,24
dutch,0.1141356526726193,15
daddy,0.11403931746102064,17
grape,0.11390075450702276,7
ok,0.11371548439336529,354
ay,0.11358228727526573,9
nutshell,0.11310491399827702,14
ladies,0.11306075955750335,9
lego,0.11301438126063587,19
persons,0.11299282675827357,16
disgrace,0.11285142039311385,10
diamonds,0.11285142039311385,10
hmmmmm,0.11275394637981609,6
mom,0.11271349527732809,171
van,0.11262494105243159,5
karma,0.11246844419361665,73
wat,0.11227415988979142,16
oof,0.11219058828063407,54
crying,0.11208287780887785,16
hitler,0.11167454853497576,12
funny,0.11160934256566582,224
juice,0.11148144475728318,24
bully,0.11137998661153907,22
nine,0.11135104590027955,25
anus,0.1111912418527836,6
•,0.11112566562575887,11
originated,0.11105358725961982,7
gauntlet,0.11064716294646154,7
dare,0.11002662949550306,50
commented,0.1097855707107693,42
beat,0.10966476742625039,144
pls,0.1096153231791763,65
im,0.1096040416598066,250
pp,0.10930063871303469,20
josh,0.10929333016026914,8
moment,0.10919207893707605,116
anime,0.10902740327255252,66
stfu,0.10869602367739506,9
7th,0.10852900733694247,5
savior,0.10850985222888389,8
dash,0.10841995722346534,14
fame,0.1083162634078731,4
hulk,0.1082315747654418,7
legend,0.10815012403848968,27
goddamn,0.10808616765539733,24
boys,0.10760972965909987,39
scares,0.10730481214760379,9
germans,0.10714683129268619,16
newest,0.1070458080816462,11
seven,0.10684510953017991,12
shrek,0.10683760025115203,13
thumbnail,0.10680227930542724,12
noooo,0.10670382787711007,7
6th,0.10661975712997093,5
cringey,0.1065364960430787,15
intensifies,0.10652154054742931,24
upvote,0.10636710099923959,148
dads,0.10599465608676013,12
wait,0.1057715552661397,265
gentlemen,0.10572009679748973,9
excuse,0.10563722574516773,31
da,0.10531950905933275,24
nut,0.10527356967721774,20
wholesome,0.10525780931922102,38
letter,0.10517141570972721,23
concerning,0.10497352561974657,8
amirite,0.1049326035702774,14
ur,0.1048048195199594,68
knuckles,0.10475528459804365,6
hoe,0.1046272548094824,6
ho,0.10449952781140136,6
gud,0.10434369652195946,10
simpsons,0.104312392971689,5
censoring,0.1041628011433552,14
prank,0.10403035817859427,8
vietnam,0.1039411666780747,3
picture,0.10375063867427842,166
th,0.10368855299254826,8
punctuation,0.10365345042740151,10
*,0.10358728161846051,1290
weeb,0.10353801103391333,16
hacker,0.10343879521006329,9
peter,0.103299399428205,16
dad,0.10322708559860386,132
hehe,0.10321017684327835,16
lord,0.10295232950141518,19
translation,0.10288901617949812,8
subscribed,0.10283991135242687,16
tits,0.10273666636522942,16
pigs,0.10271852369430134,13
ashamed,0.10265278893416657,11
jew,0.10249357547999914,8
rusty,0.1023967660966321,5
porn,0.1023659412528238,61
cow,0.10208285175636526,12
papa,0.10192529201444253,6
willy,0.10093145249243284,5
wtf,0.1006477351717765,124
neither,0.10055846362006012,11
bleed,0.10032446135410983,8
retard,0.10006066131398217,23
hello,0.099912700118453,35
2k,0.09985137251522683,9
sin,0.09959119344925406,14
yu,0.09954628521595135,10
referencing,0.09950695066565288,6
lo,0.09914932602065347,4
young,0.0990498983977762,182
horny,0.09903787767131167,12
moms,0.09888410364550645,15
instructions,0.09862251241307973,6
continent,0.09853903948893589,9
chat,0.09847976487248604,31
alex,0.09847311474425095,15
dan,0.0983398820624741,9
es,0.09809130865547433,3
yum,0.09802469220795025,5
damnit,0.0979981253369795,10
spanish,0.09795625149783481,11
frank,0.09788759904358627,10
ftfy,0.09785037271358359,21
fake,0.0978361004798775,68
steals,0.09753936763001675,7
beg,0.09742577562390568,10
jackson,0.09705999013681631,12
kanye,0.09696264417396222,8
beast,0.09695520344572839,45
edgy,0.09677934363932017,31
hundred,0.09668339802259228,13
ex,0.09660756490915864,8
timmy,0.09658405019201018,5
woah,0.09625618619595115,37
bots,0.09622761932293089,31
subbed,0.09618260980671302,22
year,0.09617540117262983,253
toy,0.09614145067393726,19
dong,0.09609975873361373,9
fucker,0.09609876044877189,25
praise,0.09596437663119742,13
stranger,0.09595661326075702,17
location,0.09565642967414202,23
gucci,0.09564253190985013,11
mocking,0.0955087685838583,7
old,0.09533309021450216,302
oh,0.09480779941077096,788
lmao,0.09470452012287753,233
unironically,0.09408191572766254,14
crop,0.09372895042549695,7
wan,0.09367869610972734,10
contacting,0.09362429308511855,11
nick,0.09341320092744484,10
flooded,0.09331046351291553,5
mr,0.09330550796771023,58
kissed,0.09326869810593462,5
bullied,0.0932613771797787,20
humor,0.0931783402795532,18
hmmmm,0.0931447030413718,11
genius,0.09310570101173438,16
egg,0.09306782180137768,40
fanbase,0.0930340212753317,20
slam,0.09293035817193819,14
masterpiece,0.09288815842404097,11
channels,0.09250371999093268,20
twilight,0.09237857856771028,11
oxygen,0.09236318398302842,6
fuck,0.09234333966352724,278
whose,0.09229376672605032,7
fandom,0.09223746914141098,18
ye,0.09220492474643024,18
|,0.09213919338929347,23
heaven,0.0920819184575821,16
icon,0.09205965429730369,13
dislike,0.0920097256237503,28
creator,0.09194951544561301,19
liked,0.09194687111667528,64
obama,0.09193452781885049,25
censored,0.09190952568417896,11
grade,0.09187867651949078,39
monster,0.09171125137915308,60
bucks,0.091534354185497,20
subs,0.09150746873118201,86
hate,0.09144585651220782,242
extent,0.09143194059831951,10
pronounce,0.09125952806224596,9
°,0.09117421222926136,17
lava,0.09112327836438364,12
royale,0.0910423967132122,12
jokes,0.09101911615931785,41
wut,0.09092935792352837,12
boner,0.09091244552250562,11
haha,0.09084076497991914,188
fu,0.09077582967739334,8
q,0.09069100065000643,6
dont,0.0906436980345246,158
confusion,0.09060515861357957,15
bloody,0.09039064711341578,7
retarded,0.09035345691781743,40
noises,0.0903285482654134,21
maths,0.09030696883030424,7
bill,0.09017543014836873,49
why,0.09015586111660479,741
delete,0.08998388522710063,38
insert,0.08997388170413209,8
warfare,0.08970074900258616,13
darn,0.08954312797000341,12
duh,0.08943551463397624,14
subreddits,0.08941673355303288,24
uploaded,0.08925487331374479,8
xbox,0.08917506187934841,11
fire,0.08909594633281447,168
cells,0.0890107335280878,9
booty,0.08854516671608187,8
meme,0.0885137843470235,109
downvote,0.08846078274236285,78
sir,0.08840576547520132,19
ing,0.08821321782309187,5
d,0.08816238489819667,250
watches,0.08813772358088899,14
donald,0.08806506224666276,15
lie,0.08803050469214099,40
reference,0.0879511032114605,45
goodbye,0.08784858147399116,24
speaks,0.08766316828686879,9
uh,0.08764717909000604,51
belong,0.08760103217137555,18
cruel,0.08747447531674267,8
hacked,0.08735748711712087,11
ima,0.08723465735981366,5
gaming,0.08716423874730128,94
hes,0.08711813848073201,68
grandpa,0.08664850657404743,9
sarcasm,0.08652286630518538,13
se,0.0864921626421202,8
yall,0.08645200985220373,19
keanu,0.08637271722926243,11
irony,0.08626253924724529,13
rip,0.08625117963166277,59
arsenal,0.08616801330301078,9
autism,0.0860681996593449,14
italian,0.08596138691667544,12
bois,0.08592932559721154,9
tongue,0.08578448422141093,12
mmm,0.08558219013813133,5
scum,0.08556555780007094,14
mature,0.0853960211155841,9
korean,0.08539381413051987,8
chill,0.08528402360445993,17
downvoted,0.08511495942111955,61
rn,0.08510635000902705,28
},0.0850370099521531,6
aw,0.08497440475819036,31
bullying,0.0848363405418163,16
faked,0.08477074544972227,6
cries,0.08476084442940689,4
mmmm,0.08469286760252709,9
hah,0.08466631087871303,8
mines,0.08459591176264511,9
sexy,0.08448118229872607,30
classic,0.08438071348705561,24
twist,0.08430434204113506,18
clever,0.08425992487435055,12
wipe,0.08415957305737158,15
russian,0.0839986278845199,14
animations,0.08387707048951976,14
idiot,0.08383131270175974,33
intro,0.08382633363782208,9
comedy,0.08376060097670544,27
_,0.08367543961896359,160
parody,0.08360357031556194,8
jeans,0.08360357031556194,8
typo,0.08353410950822408,12
fastest,0.0834834922261835,9
boomer,0.08316017109079343,16
thousand,0.08303825240270582,7
gang,0.0829873856814485,36
polish,0.08285423971496805,14
^,0.08279180366206557,77
minded,0.08261873138247515,18
holy,0.082602345548357,144
v,0.08258755918947311,40
copying,0.08256576571456577,4
sum,0.08243028766248073,9
eggs,0.08242143454021685,23
fat,0.08241338078430513,104
latin,0.08226676003657876,8
kinky,0.0819994956852965,7
liar,0.08188035794528827,5
truck,0.08177883799581699,31
funnier,0.08161892661812846,11
cock,0.08135482242466309,20
whip,0.08130996123897584,7
clap,0.08125753962534371,6
gamers,0.08099702647339575,34
charlie,0.08098171059277652,6
speak,0.08092868941939818,39
boi,0.08089439321478578,37
absolute,0.08087426804136569,18
dear,0.08079390912428813,15
reeves,0.08048922614421794,7
lick,0.08029320661690777,4
yr,0.08014445474029268,11
heads,0.08012129658317295,5
gum,0.07991046825099077,7
tho,0.07987399040273893,190
beer,0.07986443223370107,7
lemme,0.07985417592026682,11
fred,0.07982860856628372,9
pun,0.07982825146135474,5
meant,0.07970280060402814,34
thanos,0.07967378779804764,45
edited,0.07966573081156127,29
rolled,0.07965865106458363,18
sec,0.07956539841970062,11
image,0.0793704145914157,27
cousin,0.07921239881798177,16
underage,0.07918273244853434,5
dumb,0.07889482506794962,104
judging,0.07888270130206307,14
lmfao,0.07878778445391671,23
laughing,0.07870949882817894,29
hacks,0.07861330208716318,6
grows,0.0785766231173703,5
tryna,0.07838270768812872,8
dust,0.07823307203974875,4
childish,0.07822669036323342,8
troll,0.07815130981373744,34
link,0.07813634816290928,73
cartoon,0.07808256464996143,13
hail,0.07776128307654356,8
laugh,0.07770629441415526,37
virus,0.07770338380479341,8
hmm,0.07764679898732628,13
brains,0.07757108278509661,5
stole,0.07751153344119222,18
joking,0.07751137591774748,16
yes,0.0775104283491936,309
refer,0.07743991532509278,23
frog,0.07741540749709584,6
commit,0.07734459574858128,22
die,0.07710654462197697,100
sub,0.0769278727345371,236
thot,0.07689058012755304,5
bullies,0.07666112712998335,11
bye,0.07663724440231304,12
kidding,0.07659281070732633,11
cried,0.07658130087788775,10
predicted,0.07655122448136173,9
chosen,0.07653916100385527,8
butt,0.07646843964896553,24
spell,0.07644827745879276,35
crab,0.07643151635678559,5
calm,0.07637385866885843,15
tommy,0.07625435134498963,14
dammit,0.07621831121676313,6
fork,0.07618400444412922,9
patrick,0.07599753635521878,10
upload,0.075970688582225,18
degenerate,0.07588535766462813,9
reddit,0.07563302220343049,252
pedo,0.07547316713369408,8
christ,0.0754179342936648,26
…,0.07531414036941081,13
wanna,0.07527511079572753,62
reply,0.07503046805752245,61
entered,0.07503045144344787,8
thx,0.0749847255200739,22
searched,0.07483507875924521,7
clicked,0.0747315413897467,10
toddlers,0.07465809563148416,9
poor,0.07464757548473067,43
na,0.07438570378913625,6
goodness,0.07433671072246155,8
roast,0.07428125282873767,5
comrade,0.07426556086057691,4
zombies,0.07425331230184204,10
shark,0.0742093276558557,7
soo,0.07399418534297711,10
scare,0.07392773898619488,12
trained,0.07386507383012327,10
naming,0.07373440752022231,7
condom,0.07368414453623429,6
whore,0.07363170976169102,7
dumbass,0.0733966743919482,32
agree,0.07328812579182044,121
miserable,0.07321506417675541,11
kissing,0.07269258798297176,8
anytime,0.07265387838559147,13
upvoted,0.07255896412563811,31
dance,0.07246811462327432,21
translate,0.0724345834734402,12
smell,0.07240745725730115,13
no,0.07235598356239617,901
understandable,0.07228436259063277,6
what,0.07212706797704041,1150
toes,0.07212575934171599,3
joker,0.07199443335889959,7
he,0.07189211856812432,1588
laughs,0.07173748001915797,5
vegetables,0.07170200621286552,6
jeff,0.07150259958680795,12
lyrics,0.07142116172808012,9
ben,0.07137198818271027,33
dreams,0.07130956057831205,6
bastard,0.07129273233406132,5
replied,0.071233123160237,13
ha,0.07118747114899888,25
grandma,0.07113897067976686,13
horse,0.07102057837712093,25
proud,0.07075476720239425,18
boobs,0.07049708069629304,17
song,0.07045396060353487,66
died,0.07038693454725468,49
hell,0.07023004597016361,88
spam,0.07020350072399471,33
ruined,0.07015333751167685,18
satan,0.069964511156285,10
puts,0.06987244464699922,11
s,0.06974542258050163,1776
blacks,0.06965711247390116,5
pussy,0.06960670234146761,15
lookin,0.06955197235595813,10
potato,0.0694503181770344,11
rape,0.06938194599103514,39
basics,0.06935423897094373,9
anthony,0.06923384016015334,6
slime,0.06919716676623354,8
nerd,0.06916174112743156,14
sticky,0.06911489984423225,11
tfw,0.06909814227203433,8
dies,0.0690569309039341,32
posting,0.06904928804599293,26
strict,0.06901575818253011,8
pedophile,0.06899228888861572,7
suicidal,0.06897333410347928,9
tyler,0.06895461292363278,7
name,0.0686828299684471,207
did,0.06857097285960388,277
imma,0.0681511389885034,10
press,0.06813380528931948,8
posted,0.06811853591767165,106
browse,0.06805285565844307,8
slap,0.06800336578469202,11
haters,0.06792147052917126,11
thicc,0.06786304737298607,11
dam,0.06762879438936598,5
hold,0.06760740132381926,23
m8,0.06730388418303133,7
albert,0.0672865969007326,4
racist,0.0671929607339253,70
commenting,0.06715662923770925,14
stop,0.06712868348711813,86
son,0.0671100566016898,53
lesbian,0.06708274004547086,12
dummy,0.06707903283420545,9
please,0.0669881002836785,171
brian,0.0667976033940468,9
iq,0.06678733037740939,14
fucking,0.06673768735806807,301
conversation,0.06667356925076587,20
laughed,0.06665744644221616,18
nipples,0.06649352188917793,6
piss,0.06645801340413435,31
cuz,0.06644463191441402,57
hmmm,0.06642872719256136,24
ugly,0.06632769866913533,22
lips,0.06623901151202947,9
damn,0.06606850064190624,174
1k,0.06603990638153683,23
officer,0.06602628156541436,13
tea,0.0659432172564154,17
expression,0.0658993613084002,5
shitpost,0.06585133253091645,9
5k,0.06564587405656794,12
child,0.06560903665484163,75
james,0.06547182194128309,34
text,0.0654034085311576,44
mac,0.06538588659535809,18
gosh,0.0653691986374703,6
fell,0.06531672382075272,16
atleast,0.06526569637147993,20
guys,0.06523310446213043,134
t,0.06516635859879312,1709
copied,0.06512912795865554,5
reads,0.06509522735288667,10
i,0.06485825023750663,5129
youth,0.0648393444902953,7
insult,0.06479810110502578,21
deleted,0.06475715174212743,18
jk,0.06461224081703938,13
remindme,0.06450975246645614,15
replies,0.06443531751237418,18
ironically,0.06438793238776473,14
alert,0.06437697751256662,8
soup,0.06434862391479979,6
loud,0.06428500783661374,12
typed,0.06427263697760996,5
bout,0.06427263697760996,5
4chan,0.06425032838455434,13
animated,0.06422483883170388,12
hotel,0.06420910224628253,10
notification,0.06403042369710198,5
mans,0.06381336571784275,5
bet,0.06352261527674652,47
graduated,0.0633560924263853,9
underrated,0.06325069256307518,9
pathetic,0.06322954646091028,14
edit,0.06322401209380284,132
fetish,0.06321121942666837,9
younger,0.06316324368850425,20
jesus,0.06311254761568015,73
letters,0.0631060954793977,9
hey,0.06284349241901381,150
andrew,0.06277442305227321,6
mess,0.06272279525991194,8
alabama,0.06269457456396392,20
asia,0.06263222037759188,7
kevin,0.0625376035631102,13
discord,0.06253346525087553,43
toddler,0.06246855840729005,12
brave,0.06244809029368826,7
apology,0.062347917478423984,7
loser,0.06231995083818543,11
quarter,0.06222676632905775,14
brothers,0.062196840771632976,8
birthday,0.06218486009026072,21
nsfw,0.06209769641785457,25
freak,0.062094295981422666,10
burger,0.062024638448295866,11
hahahahaha,0.06201533259619101,7
humour,0.06196040237122182,4
approve,0.061897821544947135,6
christmas,0.061717732920070364,7
innocent,0.06168816194494768,20
genocide,0.06163851926912924,13
shove,0.061620554315648,5
thats,0.06160797951993035,140
helping,0.061575155146299396,8
lemon,0.06127436055094531,7
strikes,0.061065178813210545,11
>,0.061057289820421884,2786
dang,0.06103917641683029,16
9,0.06096119578569796,2786
illegal,0.06090104162623998,32
-,0.06081108224975973,2795
incest,0.06077691214530892,10
atheist,0.06075446850831405,9
english,0.060715123243883555,40
bros,0.060591162195182215,9
named,0.06057210286989663,22
childhood,0.06050199991186532,13
will,0.06042715846660382,330
horses,0.06041129080654032,6
does,0.06040728798972238,202
funniest,0.06037667365896115,11
disappointment,0.06029795831544401,4
hates,0.06009060621996038,10
til,0.060079260326034556,9
num0,0.05995112706008526,2819
ah,0.05993791858791531,157
milk,0.059908350043700896,24
bald,0.05981307401882636,6
bob,0.05962510958277284,19
hahahaha,0.059612696208371105,14
keyboard,0.059467935259514895,10
approved,0.059126220821003314,10
title,0.05900622929754388,61
trilogy,0.059000167760051854,7
chad,0.0589287665356391,10
spamming,0.05887269308224594,13
mod,0.058816653328791754,29
knows,0.05871787466355871,37
audience,0.05859543359169013,8
huh,0.058584903950726255,24
ohh,0.05856645861274977,12
mine,0.05844528159800747,78
offended,0.05840513762078199,8
?,0.05816938641146071,2993
fruit,0.05804880779141751,10
accent,0.057758559382708574,10
oops,0.05767472297346431,13
watch,0.057626920582863714,155
nah,0.057512556956136926,114
tutorial,0.057481060666465154,11
whats,0.05746742014439508,26
m,0.05725914314698097,754
shock,0.057256975583492145,9
michael,0.05725424903494557,25
is,0.05724762963653346,3652
content,0.057239630658731944,86
”,0.05715731373540197,496
internet,0.05712520914674444,70
finger,0.057108344473276854,10
persona,0.0570683628070088,9
ham,0.05691752194110563,6
motherfucker,0.05681968701406556,14
ain,0.056801977412143934,30
cookie,0.05677787724726786,4
memes,0.056761155366716866,47
arrow,0.05675216163657452,13
infinity,0.05672680624310213,7
parents,0.05672257523082349,50
scott,0.05669305915907283,9
jeez,0.056686069531994045,10
legendary,0.05667406053251211,24
officially,0.0566650398293192,10
accidentally,0.056623004297245816,10
pie,0.05657583844138339,5
me,0.056557513061091934,1136
bless,0.056528870319928176,12
bin,0.05650160700335445,7
reached,0.05643900830455475,15
avatar,0.056406632698575654,8
suicide,0.05638064636429417,28
nice,0.05631545970141061,186
watched,0.05614070985918394,44
ohhh,0.05608982153901036,10
ruins,0.05599179585260225,4
sam,0.05573241789129067,6
destroyed,0.05571608994439492,17
album,0.05571327913896503,7
crime,0.055623166803940395,16
fun,0.055540949260248475,40
girlfriend,0.0554854376552394,22
french,0.0554291345143334,14
screams,0.055374693396444255,7
diamond,0.05534413290706694,8
knife,0.0552196096161474,11
singing,0.055061528889414776,11
jimmy,0.05504725542329226,6
uncle,0.054967048552458805,9
naked,0.05492392164711937,19
sneak,0.054853877091185575,9
hacking,0.05479508588026472,8
raped,0.054599162838237555,11
address,0.05453788234434931,22
gotta,0.05449635410491669,41
typing,0.054195423982618014,11
bad,0.054133733305662596,332
zombie,0.054107154312672524,10
chief,0.05409832785118738,7
filthy,0.05404101597511596,7
post,0.053931097270899876,226
terrified,0.05389048468724494,5
homie,0.05387633989362606,11
’,0.05372241258716905,1305
le,0.05352617437366306,13
girl,0.05348785547020765,102
wow,0.053458898985855825,127
monkey,0.05341453413101981,7
click,0.05339269738902574,26
buddy,0.05336574007205623,22
india,0.053224896534421584,14
chris,0.05310683668104759,9
gta,0.05305229700500236,15
dude,0.05292864505745479,109
fuckin,0.05290845028477538,44
boy,0.052891839447254035,66
peace,0.0528837445884886,12
award,0.052767191150239194,7
anal,0.05266935351672073,7
cry,0.05264670352332019,34
excuses,0.052573441296526066,12
idk,0.05251522878870769,92
minute,0.05228803127108267,29
scrolling,0.05226588825306267,7
leg,0.05219029576729983,17
mad,0.052187450821079395,42
insults,0.05215944248090483,5
ears,0.05211559120227179,6
ban,0.052057619321237404,26
cool,0.05165848945044254,130
mc,0.051628670002418435,12
nostalgia,0.05146781558299089,7
stupid,0.05142344258681466,96
type,0.051382310605377166,39
mike,0.05134724808772324,6
indeed,0.051306010745354826,29
begging,0.051157742266881516,8
pizza,0.05101257120342227,20
recommended,0.050903925759572775,13
hahaha,0.05050964773705409,34
liking,0.050462304495108384,15
lt,0.0504005622330245,42
server,0.050099887779742724,27
everybody,0.05005768416158267,17
teenager,0.05004391453848057,6
ass,0.04999870925764912,82
bomb,0.04995861066496416,17
uhh,0.04987682481017562,8
karen,0.04985227026570997,11
hunter,0.04974445089847533,20
dick,0.04970817432984087,49
warning,0.04969170193048452,22
nail,0.049679717458083486,8
animation,0.04965694450424138,17
rolls,0.04956903019701774,10
bitch,0.04951315060632739,36
sing,0.049379880765006504,9
sorry,0.04931396913561734,159
yup,0.049172682598376725,32
arrested,0.049165289383752704,9
aids,0.0491305421242405,5
words,0.04908534468693653,87
older,0.04897254669554978,19
shite,0.0485910848239666,8
kiss,0.048589757065277135,6
np,0.04854571822647449,8
cunt,0.048392090947389034,21
moron,0.04836176397307613,7
sarcastic,0.04832521160117887,9
aww,0.04810808818401713,17
sad,0.048098510393516695,65
scary,0.04807072630413573,18
minorities,0.047944215006039986,6
posts,0.04790230332129363,63
day,0.04783283899215562,239
bold,0.04779135227584754,8
isnt,0.04772621736980322,67
bang,0.04735056014507635,6
jerk,0.04727681002139079,6
wake,0.047257218515834885,8
pikachu,0.047144442311624346,12
mcdonalds,0.0471355418647237,8
og,0.04701153836072996,12
smarter,0.0469974744493129,6
mods,0.046866945825289975,37
broke,0.04685249969324962,23
fury,0.046849010794075135,8
bottom,0.04684156560574574,29
victory,0.04681846379489726,15
chocolate,0.04673122727888783,9
disturbing,0.04668171257390721,5
yay,0.046553396596507625,17
autistic,0.04654210339283511,8
born,0.04621436191233969,27
smooth,0.04609988029638778,7
fans,0.04605428539322499,50
gold,0.046037438886004166,61
john,0.04602261401452032,37
hero,0.04600487787021123,14
man,0.04596680942092422,251
numerous,0.04595164632131501,10
smart,0.045944173256394306,23
messed,0.0459429784408291,10
forces,0.04586206696105485,11
failed,0.045849253198616075,19
intellectual,0.04573654852476421,6
this,0.045726530484850876,2189
raids,0.045658468698089115,9
honor,0.045643557667106364,5
brother,0.045634564933609456,40
pin,0.04556491530664084,6
format,0.04548491104879218,15
christian,0.04541072939957669,19
tear,0.04537691314345974,4
fallout,0.04527063943360907,4
spaghetti,0.0451857740631449,4
alright,0.04510918885733406,34
true,0.04497760262864874,64
challenge,0.044926558439116034,16
cant,0.04476805501928144,52
found,0.044546277419728726,103
age,0.04443047254893201,48
screw,0.04435058445881594,6
mark,0.04433599989777628,25
smith,0.04433306931056827,12
lol,0.04410913741116364,426
er,0.04398901148475041,14
boyfriend,0.043974904831412046,6
person,0.043974673642053895,116
adult,0.04392233246215442,28
bed,0.04390180868667998,18
obsessed,0.043708386942720334,5
calling,0.04370788491464153,28
toilet,0.04370381869608941,12
[,0.043669692207615435,249
club,0.043544927342640156,26
regret,0.043512180430765025,8
clicking,0.0433524049571489,4
copies,0.04334851590351714,7
:,0.043291179643911167,625
hated,0.04324971512353881,14
crushed,0.043182197150785875,8
nuke,0.043171917088001,8
deserves,0.043111102147135004,21
cell,0.04293210422735786,9
ate,0.04292486783731719,14
reporting,0.04278185719971747,6
activate,0.042751649315629664,7
voice,0.04269096025641922,32
nevermind,0.04263287170611204,6
teacher,0.04262530280095701,14
counts,0.04254844827257754,8
scared,0.04254762170527163,26
mode,0.042388463652827044,58
eat,0.04229263590025124,65
nowadays,0.0422463058369836,24
browsing,0.04223429830510106,8
well,0.04219579546476516,368
bee,0.042128848083720735,5
depressed,0.04211280470549303,5
indian,0.04209469197858579,14
ty,0.0420778767483433,4
bag,0.042008566286865605,27
sensitive,0.04184080106286113,5
ruin,0.04184068188374866,13
ill,0.041786252080813484,15
children,0.04176911866468097,79
nuclear,0.04170758593392197,6
redditors,0.0417026349644627,7
german,0.04168939612635215,12
a,0.04154382605180248,2939
horror,0.041506695374328995,5
thinks,0.04131450783067229,18
days,0.041292251464384755,54
music,0.04117759334906748,64
yeah,0.04116558708407515,528
<,0.04115785619532236,2080
remember,0.04100748593238141,129
eight,0.04100362215261109,10
favourite,0.04095419601377165,26
screenshots,0.04094299726104173,7
apple,0.04080288160876916,24
tree,0.04079875231801095,11
sleep,0.04067866356142761,17
familiar,0.04065426718006181,6
storm,0.04051414556095505,10
btw,0.040358561213738826,59
hat,0.040323567197703476,14
teen,0.04014435783144527,5
al,0.0401438795155918,16
aswell,0.04005508020001549,8
contact,0.04003890377189057,4
kim,0.039916116183548504,6
um,0.0398251578004531,14
development,0.039652348461479824,7
hilarious,0.03960232964350266,25
offensive,0.03955567187906655,10
fam,0.039552398823087295,8
curse,0.039469707709686976,11
react,0.039410983579173,7
actor,0.03933833304418481,3
its,0.03930161698649872,244
],0.03926930098739023,266
flex,0.03919424766932471,5
umm,0.03899709666752882,8
creepy,0.038994546156737114,10
called,0.03896634940297186,78
imagine,0.03896028845157958,79
letting,0.03887721199854229,7
dancing,0.038791350920576645,9
account,0.038768721473683584,68
steve,0.03876267382775218,13
\,0.03871744294384863,119
logo,0.038690021019145066,9
spoilers,0.038628458925845766,7
battery,0.03854507502964512,5
hurts,0.03852154999104197,9
his,0.038514781445669985,682
x,0.0384167486323749,82
‘,0.0383760038613115,66
accounts,0.03825718539031253,25
racism,0.03819147806922149,21
virgin,0.038048856947242166,7
face,0.0380399875826202,73
disease,0.03798310885690275,4
okay,0.03796570730593399,71
crack,0.03788440340573375,8
sentence,0.037786323872904086,9
blessed,0.037637467586774796,5
claim,0.03758509903270733,19
checked,0.03758321865663737,20
say,0.03756702771580427,360
emotion,0.03746479494169216,7
amen,0.037416625149404865,5
visible,0.037414105378785305,9
dudes,0.03734350757455745,14
famous,0.03731046678963918,12
googled,0.03710896983737941,5
salty,0.037105846224687704,8
kinda,0.036978920993083336,112
heat,0.03689837022777254,18
worried,0.0368846994251295,4
trolling,0.03685134422630071,15
scream,0.036834699923808445,7
ya,0.0368300690223196,35
circle,0.036779456675988975,12
battle,0.03674056546671436,29
pump,0.03673895266595936,8
brain,0.03666283715998767,55
intentional,0.036588735395419375,3
taste,0.03656985006716138,17
songs,0.03642203919066006,11
strangers,0.036419921373698046,8
shes,0.03637376766285109,15
nobody,0.036336963270057185,51
nose,0.03629611283465345,9
said,0.03626315367917713,341
little,0.03625237370220072,211
west,0.03618314410435265,11
chain,0.03617433598099098,12
hole,0.036137931220402375,16
=,0.036109663413972655,76
sister,0.036086650845651005,21
button,0.03607657586559506,33
you,0.03606435227940337,2644
mouth,0.03592544228142544,21
mobile,0.03590559129275091,24
lit,0.03562787244239671,6
ahhh,0.03549868945266476,11
mistakes,0.035443087973052845,7
recorded,0.03536172757665361,7
trash,0.0353426930855455,42
gonna,0.03524210238196541,110
somebody,0.0350975895211709,24
mon,0.03508413146726949,6
“,0.03507056514584388,332
!,0.035031290718099815,1271
native,0.03497691693920102,7
am,0.034905284090114196,304
yea,0.03485250849691509,61
supposed,0.034732512668094975,46
1st,0.03461504943813271,4
humanity,0.03461405030624984,8
guy,0.03451062365643022,180
lgbt,0.03440917847062263,10
tim,0.03426581342964291,9
breathe,0.03426434292392063,5
adventure,0.0340976182933079,8
serious,0.03408819539658098,25
saw,0.03403147197219358,132
known,0.03400467714394788,65
ol,0.03397706133210664,7
friendly,0.033945565223398255,15
alpha,0.03381714436636794,6
teens,0.03373028071265907,10
quote,0.03370095141934255,17
loves,0.03369100912131521,18
pokemon,0.03367496531318151,25
explain,0.03363570018420104,43
adds,0.03354625122100616,14
search,0.03352852956579675,19
hungry,0.03351699678028851,8
generation,0.03346374834122669,15
redditor,0.03341653804689908,6
tbh,0.03337918908245639,80
fan,0.033262320922650544,60
electric,0.03325128710922768,16
tag,0.03319896948447575,8
names,0.033141443712456316,22
cute,0.03309898583448436,16
popular,0.03309359332757963,27
roll,0.033059415500766486,33
parent,0.03299089554466122,10
owned,0.03283247724081916,18
least,0.03274187165947491,87
incel,0.03269854046664355,11
million,0.03267378791415415,26
richard,0.0324665063774636,5
total,0.03243295512368293,20
san,0.03228498594309799,9
cancer,0.03213968950980765,22
banned,0.03213881697038057,27
the,0.03210061135048746,4063
dave,0.032079174730500135,8
hop,0.03197454381248559,4
threat,0.03186003575985761,14
typical,0.03182103540996815,6
ooh,0.03181588090549323,10
sexuality,0.031773292638482636,7
bank,0.03157763637619455,8
army,0.031574984239207356,14
existed,0.031538807876525535,9
welcome,0.03150062853093866,26
harm,0.03147278704931013,15
angry,0.0314420617446652,18
chicken,0.031428655363927895,17
phone,0.03138373576972078,65
suck,0.03135654021437811,29
trend,0.03131412870347544,6
@,0.03130914165632747,22
switch,0.03122074703116864,19
respond,0.031187705788100803,10
review,0.031053214307578493,12
wrote,0.03104347273447159,20
symbol,0.030961027092877683,5
ten,0.030740555438477844,22
kill,0.030620220393336593,77
card,0.030619234689603196,19
movie,0.030505767958232458,32
fellow,0.03049432045123602,10
shit,0.03039284039324609,330
cherry,0.03039232756558148,8
em,0.030391222456767543,23
worry,0.030255226532546864,37
crew,0.030236732188934017,5
realized,0.030121505259465064,10
confirm,0.030102905168571337,18
class,0.030064259577142812,29
crap,0.029998883218706897,25
cheese,0.029913033000245677,16
disrespect,0.029853361908963972,6
controversial,0.029768025597023996,6
forgot,0.029595937260494587,34
him,0.029593716949142417,538
deserve,0.029463009685279273,20
sure,0.029425446592928273,103
elon,0.029290407429172414,7
boom,0.029256577116534614,5
remind,0.029248262545376297,6
welp,0.02920347701772221,10
head,0.029152474691365254,53
stands,0.02913672330576661,14
fits,0.029096975948314344,11
secret,0.029039185210787313,18
gays,0.029030017395132165,5
apologies,0.029030017395132165,5
referring,0.028992288003065008,10
random,0.028875404146674322,32
tbf,0.02879533753290085,8
spy,0.028702093990745463,6
balanced,0.028678603673492016,11
aside,0.028524730260952178,6
obviously,0.02844678162623859,37
promise,0.02802252618047128,11
punch,0.027934255249064708,6
jail,0.027910624643318227,10
mean,0.027865579380043082,240
quick,0.027861853686750877,9
got,0.02785033492726833,288
rise,0.027849863360363138,19
spirit,0.027838779684430333,8
love,0.027751379662184605,256
voted,0.027749122763592843,6
site,0.02752980978766628,10
downvoting,0.02745424922572668,9
peoples,0.027421424612025413,4
repeat,0.027419844379062103,9
theyre,0.027232863963931986,11
east,0.027104321596920476,9
jason,0.02691218465816382,5
minutes,0.026851355465238428,71
see,0.02684911437426019,185
made,0.026808105738439326,221
science,0.02662427911642138,21
tears,0.026594753186329766,7
pretending,0.026568805148733762,7
pen,0.026450614962516553,6
heh,0.026440592283229664,6
sand,0.026396407924195814,12
races,0.026200144988884403,8
committed,0.026147362786443244,8
dog,0.026115660422627765,47
dip,0.026026208616509366,5
craft,0.02600791784359095,10
copy,0.025896738593847217,17
balls,0.02584059773922793,20
lock,0.025835316107822352,13
realise,0.02562499833237801,6
bird,0.0255700857512412,8
police,0.025389113884538374,34
it,0.025346021930382646,2412
confused,0.02530137284961773,32
heart,0.025274391157296936,40
witch,0.02527078692265865,6
chinese,0.025205499903904305,11
bothered,0.025131830934078312,8
upon,0.025120674289700745,20
personality,0.025069042523569254,12
like,0.02504423418225997,1051
filter,0.025043495843786394,9
girls,0.025026453881414775,35
my,0.024957142858674456,1325
afraid,0.024909659998777235,12
.,0.024819027898177973,4939
missed,0.02469647780650776,11
consent,0.024667697102937727,8
clarify,0.02458862258396847,6
capital,0.024571109854586593,9
woke,0.024567892468931537,10
pm,0.024557765421857457,8
on,0.024490356732500166,1707
hot,0.024475688076101308,57
basement,0.024389158170266944,5
screaming,0.024320712295461847,14
un,0.024277907779349347,9
blocked,0.024207457109711263,8
smile,0.02412538179049721,7
road,0.02409350546516067,15
burnt,0.023964752246706304,5
ad,0.02393658713551782,21
russia,0.023872448397699274,11
lying,0.02384044529309472,13
phrase,0.023666877207804204,6
united,0.023481483172926136,10
adam,0.023427106677723387,7
ultimate,0.02340856036105879,13
speech,0.023378367017565002,20
clearly,0.023369512557737986,42
baby,0.02330676193084471,61
dead,0.02326031395608435,74
now,0.023222567616789293,483
theme,0.023154554487745217,16
billion,0.023148345540460375,8
tone,0.02313951889538769,9
so,0.02311867780103053,1185
communism,0.022988102556821682,7
school,0.02296266924931184,56
killer,0.022936611316877197,4
lied,0.02289488222027556,4
ago,0.022810936748543398,123
ed,0.022807428126774002,6
eyes,0.02277953453176209,24
confirmed,0.022778963742810153,22
homophobic,0.02270770417634053,8
community,0.02259744389865907,28
exist,0.022547794104257553,31
king,0.022538492006050563,18
ive,0.022469354582545453,25
mother,0.02240538438527929,37
purpose,0.022382908279161253,14
explains,0.022344344991560648,5
teeth,0.022336932547523957,9
touch,0.02231713311630172,25
sword,0.022280581183205972,14
danny,0.022272867608701483,4
cream,0.022263551913055225,8
noise,0.022205338197189194,9
blood,0.02218467386375548,30
mood,0.022111533876606814,9
service,0.022101049861411527,5
gf,0.02200987198966962,13
mouse,0.021985264226212924,7
soul,0.021957770848696656,15
beating,0.021913193017754014,10
faces,0.021869841550844902,5
"""",0.021712988860850522,714
topic,0.02165241315826463,7
that,0.021573486826863025,2209
editing,0.021520489408144775,6
worthy,0.021483905354463106,6
liberal,0.02147258846759626,14
listen,0.021401464268073194,27
didnt,0.021400624136068518,40
sleeping,0.02139230701625431,7
lazy,0.02111661059461856,12
eh,0.021111962270876087,12
usa,0.021037307984848846,10
reverse,0.02103505109925285,11
material,0.021011948500398114,18
signed,0.021009639253095066,10
ages,0.020820562931970012,6
seconds,0.020763789080874895,31
trouble,0.020755192865227354,12
shadow,0.02061092861092745,13
favorite,0.020574107320023974,74
~,0.02054167563841393,72
percent,0.020528854478184953,8
terrifying,0.020462855201522495,4
description,0.020364130041110658,7
average,0.020361919335315507,6
jewish,0.02025745649794239,5
raw,0.020176237883517155,12
george,0.02011125673672805,9
says,0.020062414896243427,83
reported,0.02000289494232677,9
pissed,0.01997090755013774,12
attention,0.01985617843696929,18
episode,0.019725490495672845,25
batman,0.01966381043194253,5
smells,0.019549548753467306,3
number,0.019505390562186333,61
existence,0.019306571297867607,5
origin,0.019289098691314902,6
brown,0.019250368415274187,18
how,0.019185581190406892,537
cops,0.019183465961795283,13
types,0.019138385107359972,10
ocean,0.019075467567816883,7
shower,0.01900374174194054,5
dicks,0.018972120337929912,9
gender,0.018955899438148564,18
must,0.01889547203073032,56
thought,0.018864982692723648,205
pass,0.01881917831223996,30
com,0.01873817780702691,25
judge,0.018712783493505056,6
art,0.018649953602248363,23
intelligence,0.018625191292925843,7
deep,0.018623245631543092,41
disgusting,0.018621933504325092,10
nintendo,0.01860277490849294,7
trick,0.018590624998858583,8
supreme,0.018522037018450538,6
wrong,0.018466964720872,108
deserved,0.018424102153768985,3
thor,0.018390374647708204,3
combined,0.018378686954532816,10
bi,0.018306094279007833,6
generic,0.01826799282344544,10
years,0.018240776819468126,238
ghost,0.018228565776238544,6
wise,0.018214775248470767,11
mm,0.018211352323604407,6
adults,0.018191501901578908,8
six,0.01818760174952027,17
actually,0.018071756871032494,222
trailer,0.018064465512814796,5
report,0.018005766038177093,20
bombs,0.01789081046277719,5
iphone,0.01785968023300888,6
flag,0.017844442080388462,9
tv,0.01783173911890851,28
obnoxious,0.017825493045804688,6
call,0.017823103482779802,55
exists,0.01780603422230889,22
rainbow,0.01779526160832429,8
shall,0.017788923213593228,5
need,0.0177605902909726,105
pictures,0.017575268659221734,19
lunch,0.017569776624967698,6
places,0.017439452501893965,13
agreed,0.017427361458774757,27
five,0.017394405630304585,29
youre,0.017390335838773637,19
makes,0.01736366813731704,138
context,0.017359458323004513,27
shits,0.0172927278204766,8
edition,0.017240475920630178,9
help,0.016998433718949418,100
poster,0.016960952435714428,6
spoiler,0.016938355403675883,11
spider,0.01680256402436293,7
jon,0.016731238756282102,8
aint,0.01664378663723026,7
want,0.016570284653876645,179
of,0.01654579175410013,1852
ring,0.01652624922975791,10
stolen,0.016522153175311173,8
sky,0.016513037333558363,9
bc,0.016479327971649173,21
thanks,0.01638105290392613,148
mentally,0.016278402393877376,12
tasty,0.016270324607869396,7
chip,0.016192866671535956,6
thank,0.016171486077624274,120
and,0.01617019076879658,3008
download,0.01607741704760262,7
know,0.01606192268782491,293
anger,0.015984778769754866,7
mega,0.015912212976651862,9
british,0.015873991904904763,15
relate,0.015835464398603654,7
read,0.01580958644680333,101
join,0.015767279469363786,14
job,0.015734207965336186,37
joined,0.015662553153310735,8
obvious,0.01554120563605884,28
blue,0.01548938118892764,36
yep,0.015486017971905776,29
hip,0.015443726414713234,6
ancient,0.01543472834406713,10
to,0.015416374696369866,2499
congratulations,0.01540971395635396,10
lesson,0.015361187460271049,5
australian,0.015293139790189536,5
images,0.015166473043592192,6
rude,0.015031303556493314,9
overwatch,0.014969685333977627,8
saved,0.01493541226240666,16
feeling,0.014909977868849988,14
doesnt,0.014851994427861894,31
weird,0.01474865013941874,47
didn,0.01473587232514955,188
trees,0.014587387345087235,4
theory,0.014573181888437408,11
replying,0.014547144953240996,8
style,0.014488612089515577,32
sucked,0.014483250421237402,5
gave,0.014383661951550535,32
finds,0.014228666476708684,3
middle,0.0141419027177617,36
times,0.014118777966471818,61
instagram,0.014111651107759198,19
shirt,0.014054291943994641,7
laptop,0.014043146383099704,8
looks,0.014001082177577485,188
whoever,0.013977823928575118,10
adorable,0.013928200860486847,6
mate,0.013883608826477255,24
backwards,0.013841675495928938,7
wolf,0.013647747385495745,5
dunno,0.013609240849566438,15
asshole,0.013589323808963378,16
shitty,0.013554970708951404,45
forget,0.01354017775102387,27
fair,0.01342335868490897,33
admit,0.013253539697061913,5
lets,0.01323820468721229,13
original,0.013104826943042103,64
earth,0.012932695694159217,21
truth,0.012598362754252123,30
yikes,0.012572394818894543,13
sexual,0.012477589241396176,23
google,0.012442083163602218,30
dollar,0.012420541233181539,10
burn,0.012411660385186096,24
mistake,0.012398484643817638,19
farming,0.012376158170948717,7
japan,0.012280548622293013,5
alien,0.012264983359473628,8
bud,0.012033241898910783,10
grow,0.011981482544835219,20
steal,0.011972865859823866,13
idiots,0.011859799463521696,5
network,0.011828418313721004,12
sequel,0.011796298629289576,3
don,0.01175637480127232,589
belt,0.011687528577522656,7
snow,0.01165975883674158,8
dying,0.01159728442869427,13
default,0.011498276563099877,11
harsh,0.011441050821712541,3
probably,0.01143532359359959,217
open,0.011433538445876416,34
meaning,0.011429977650452422,16
blind,0.011370750800913215,11
wonder,0.01131759948173531,38
peak,0.01127089251458666,9
',0.011223887901119367,1532
starts,0.011165855722410255,30
captain,0.011146851656212946,3
nightmare,0.01108404198951183,8
was,0.01099963596158753,993
allowed,0.010956148319208771,22
sound,0.010951200025312453,39
downvotes,0.01092840640536084,14
notice,0.010859877333037622,12
neck,0.010838329286643618,8
blow,0.010800528284165811,9
expecting,0.010446425261459443,10
fucks,0.01044067104320624,8
af,0.010384623328583422,22
tell,0.010296965958687596,91
beginning,0.010268550471439179,9
robot,0.010226471760635623,6
ugh,0.010159709185738358,6
real,0.01015725177170945,106
town,0.010154070342551643,14
incorrect,0.010098887063076307,7
endgame,0.010023261524075677,21
ruining,0.009972061391340995,3
stealing,0.009944779980907927,5
let,0.009713176997026783,88
kind,0.009680760878599929,97
artist,0.00967262257252756,6
count,0.009658742257608538,26
himself,0.009599857575566,46
has,0.00955695775260421,467
eye,0.009550488577875842,15
arent,0.009533651047673104,14
black,0.009509629807664791,99
hunt,0.009436721303129107,8
app,0.009397818094013202,21
entertaining,0.009278753185850348,4
took,0.009232958677952693,46
listening,0.00923147271637791,8
but,0.009178615301753188,1166
universe,0.009117302677361099,14
nasty,0.008854271765233155,7
strike,0.00877813070027587,11
golden,0.00871079835084718,7
wish,0.008660526935658696,69
sudden,0.008627265945660198,4
dinner,0.00860934454750662,8
not,0.008578861181491591,900
pregnant,0.008561488853045564,7
dark,0.008267690742742263,30
rules,0.008248405273411299,25
expect,0.008235145597286145,12
in,0.008044017908575006,2027
theres,0.00801741975162163,20
bus,0.007956311681526248,8
big,0.00791696769478716,147
miss,0.007840565063456808,24
master,0.007803868462471337,18
killed,0.00780226789843324,30
kinds,0.007784260092866823,7
murder,0.007772012121329577,7
hear,0.0077411148878845,46
minor,0.007721433467275283,9
wouldnt,0.007720224720824183,12
yellow,0.007599390073880232,13
toxic,0.007538772833058118,9
mexican,0.0075384344571483635,5
below,0.0075096877841977295,19
smash,0.0074840099346454615,11
anyone,0.0074819861870738325,42
pride,0.007460757912224568,13
glitch,0.007460615918301224,7
confusing,0.007446074498542066,5
reminds,0.007049046464063433,14
fear,0.0070324937567817734,12
here,0.006924429422599201,282
we,0.0068755870981600945,313
meet,0.006804852602098803,22
5th,0.006801616710157009,4
accident,0.006712881385370844,5
jack,0.006579501816522848,13
wasnt,0.006534761624656179,10
irl,0.006525949628800166,9
story,0.006472363047663241,74
president,0.006365983988179506,9
people,0.006344451183980338,453
microsoft,0.006292518483412174,5
caps,0.006286136559722227,7
ball,0.0062723616475106846,23
hurt,0.006237697675812034,34
walmart,0.006130225459674483,11
triggered,0.005943427129157367,8
war,0.005865941247762757,28
meta,0.005825405873426872,15
these,0.005702230331824425,221
glasses,0.0056654523043892634,4
fucked,0.005639212999910058,31
became,0.00563886718597643,14
exposed,0.00554637233004339,7
sacrifice,0.00553514428668064,4
grown,0.005495821493918255,10
cause,0.005457861455593357,47
remove,0.00541986377961166,14
ppl,0.005393054702891117,12
think,0.005322909397868022,517
alive,0.005243477563040233,20
gone,0.0049634010331284445,33
up,0.004872117610539606,652
write,0.004766138273672657,23
series,0.004730845609119418,31
screen,0.00472525521055149,16
ffs,0.004680454652842177,8
aim,0.004661408242710848,4
dedicated,0.0046089733260874875,9
bait,0.0045859992344367845,6
op,0.004478175280470595,75
saying,0.004477234247962467,96
fixed,0.004341690982387344,5
everywhere,0.004185943737590279,27
visit,0.004179652619634035,6
understand,0.0041564192946678255,34
logic,0.004028479533749793,14
paper,0.003961750423582322,11
too,0.0038850690536408826,368
myself,0.0038483200643600023,62
combat,0.003822737245472243,9
rest,0.0037549442452740767,23
website,0.0037171142532598,15
min,0.0036886648656743073,5
bone,0.0036579036070393954,6
weed,0.003602840226906322,16
plane,0.003546284514107764,6
;,0.003512982419333181,317
american,0.0034836257157440705,38
strange,0.0033978850987250978,10
band,0.00317253869769212,8
seen,0.0031503851142272127,82
friends,0.003128153761610203,37
math,0.003127660539616965,11
holes,0.0030955958860350717,6
glad,0.0030686716088881827,25
white,0.003056243247770833,75
aged,0.003051543759065356,4
anywhere,0.0029237820703066878,13
australia,0.0027970237511950775,8
talk,0.0027304011008051844,52
incredible,0.0027276776249874637,5
record,0.002703545270846424,8
wild,0.0026683776407032487,9
planet,0.0025630280516250746,9
pure,0.002468998638760766,20
amp,0.0024631790881331807,74
send,0.0024584610162060676,29
grew,0.0024508707658483044,12
destroy,0.0024432118655636735,10
held,0.0021785026499193923,10
bored,0.0021345294472996743,7
(,0.0019891397461781327,390
wood,0.0019710970756722,8
alt,0.001917776506595228,9
board,0.0019064209848941966,14
source,0.0018701051986934824,17
many,0.0018294441831160125,94
reason,0.0018222550677521308,42
hours,0.0017856130967697282,70
prison,0.001681264279435363,11
prove,0.0015943048827638199,10
changed,0.0015177255087794983,21
moments,0.0015060914147278976,6
freaking,0.0013125910386777818,7
sadly,0.0013104175188599614,14
father,0.001304785218432961,15
photo,0.0011559954596051286,16
quality,0.0011473207748358266,35
dream,0.000782214263063885,7
surprise,0.0007721416511949164,6
member,0.000696110521474627,7
who,0.0006955283552495089,273
own,0.0006528352290973514,47
do,0.0006075234569222752,626
babies,0.0005820240515347618,11
silly,0.00047363029463627675,11
testing,0.00036908321427019824,7
aware,0.00036479888680844623,16
play,0.00034530247213053917,140
asking,0.00026452861575411804,16
pics,0.00023028920310828982,7
created,0.00016931291060382446,16
means,0.0001023191395793856,63
onto,1.8558651331974863e-05,21
bear,-4.764543677920447e-06,5
yourself,-2.493258752932361e-05,73
your,-0.00010705984666997196,429
learned,-0.0001547690402179947,15
criminal,-0.00016670809953200054,6
lies,-0.00017899364317784745,10
silver,-0.00019306425647885154,11
computer,-0.0002196601418714988,16
america,-0.0002528786400063301,22
robert,-0.00031571261550068135,4
foot,-0.0003524956130479248,10
making,-0.00039028594297762316,98
four,-0.00039277796605540193,30
self,-0.0004321087020618306,42
question,-0.0004327839631134364,53
base,-0.0004966887842795359,12
stuff,-0.000504184507743224,137
questions,-0.0005236622390808112,17
eating,-0.0006053414140208356,23
understood,-0.0006318740606886929,7
automatically,-0.0006934848850870895,18
points,-0.0006960303154674192,35
superior,-0.0007224411204097897,5
users,-0.0007522615544636397,12
noticed,-0.0008660418658002491,10
garbage,-0.0008796314825181186,15
feel,-0.0009959487288127256,103
religion,-0.001011369757095963,10
hating,-0.0010944799989516735,8
iron,-0.0011162514579118284,12
disappointed,-0.0012037656704729815,6
concerned,-0.0012490355665757474,10
drawing,-0.0012655056150068938,9
millions,-0.0012695970778390051,9
get,-0.001291179423343541,345
floor,-0.001322300045385903,12
seeing,-0.0014142916755702664,22
show,-0.0016201468484054204,66
attempt,-0.0016512492481696053,8
knew,-0.0016805785531253702,35
sucks,-0.001766625989113652,23
hair,-0.0018106434155748924,21
literal,-0.0018359311468683533,7
opening,-0.0019681741901942636,8
just,-0.002083019606474559,808
—,-0.002138097115044292,21
sounds,-0.0021534619917094005,72
complaining,-0.002156403438835544,6
us,-0.0021640324213003247,133
make,-0.0021756492877247013,286
gun,-0.002266880810485344,14
facebook,-0.0022778004577130194,16
respect,-0.0023245393308430305,24
plot,-0.0023470547257162717,17
taught,-0.0023787898012359743,10
listened,-0.002398173992218666,4
natural,-0.0024917616501582726,6
wonderful,-0.002497626580085561,6
for,-0.0024996742472976658,1178
explaining,-0.0025161903494295723,8
ahh,-0.0025749893134543087,11
sick,-0.002596801674875205,15
good,-0.0026071370795541387,298
fantastic,-0.002630292665260207,4
calls,-0.002965719762042511,9
exactly,-0.0030894481146154494,38
someone,-0.0031941316371155845,191
still,-0.003244628762592821,193
private,-0.003276036153309216,12
term,-0.003308141382328925,18
kills,-0.00334690655475952,11
feelings,-0.0033794011946689973,7
meat,-0.003474329164567338,18
legit,-0.003547588802476921,23
states,-0.003621074702010881,12
idea,-0.003693797282434915,60
becoming,-0.0038464079689337293,7
can,-0.0038499625205816184,676
about,-0.003899509308100019,465
greatest,-0.003921513103900354,9
are,-0.00393234557770417,783
cop,-0.00397277187264671,6
),-0.00410137143143462,603
public,-0.004112471791155732,10
lives,-0.004145474078682823,19
rule,-0.004213174098399546,12
anymore,-0.004319043355266182,58
dollars,-0.004329060731033576,7
foreign,-0.0043533638660274735,8
happened,-0.004408761693099818,33
cat,-0.004442655827385012,21
answer,-0.004458343411822194,21
look,-0.004481190753568925,137
from,-0.004549019145754364,606
awful,-0.004561136196685002,10
summon,-0.00461011774083482,5
boss,-0.004643639078421597,12
bar,-0.004681690534947503,15
nope,-0.004729552528241287,19
gas,-0.004749117705698746,7
skin,-0.0048387709928520775,21
water,-0.004838951768889945,52
go,-0.005055780400121078,253
correctly,-0.005132564632073128,9
following,-0.005206842474172553,8
legends,-0.005387868224386939,4
prefer,-0.0054008195861526605,20
colors,-0.005435686274722413,7
much,-0.005487838541214234,146
breaks,-0.005558928976038169,8
anyways,-0.005614722854760924,26
effort,-0.005768570180226059,15
everyone,-0.005782658171521022,106
uses,-0.005826997857273549,16
toys,-0.005834740982434679,5
trying,-0.00588300297849635,76
crimes,-0.005975922314994645,7
media,-0.006109226155065455,23
non,-0.006390593527319134,42
ever,-0.00639398332823397,120
everyday,-0.006431905833621876,10
have,-0.0065159313000452395,443
re,-0.006551169810278941,396
stream,-0.0066501925497400305,13
dirty,-0.006755121270582253,8
maybe,-0.006771880585417851,150
color,-0.006812007069482639,9
doctor,-0.006874937105712344,12
gets,-0.006895668310298398,72
drink,-0.006948265983550377,18
fit,-0.007023561839705234,11
view,-0.00704499118912169,19
victim,-0.00706389898268461,7
talks,-0.0071327777358933765,3
answers,-0.007312788063103876,5
wear,-0.0073337470435925894,14
came,-0.007351718278685929,71
beautiful,-0.007391693258385679,19
third,-0.007416479478259698,15
enjoy,-0.007416718781546057,23
yours,-0.007477343529326385,7
gameplay,-0.007507146857557532,15
reading,-0.00751293233129623,41
dr,-0.007604054415318835,12
cares,-0.0076069224823933764,11
clean,-0.007657546559769496,14
second,-0.0076585876188264256,49
wants,-0.007683930130504234,30
mini,-0.007696720815887182,9
trump,-0.007707555024694738,30
doubt,-0.007725696912657341,13
mind,-0.007734201997392156,50
paint,-0.007762760242767748,6
were,-0.007816512365043642,235
at,-0.007878124736730266,798
dropped,-0.007909981854636195,14
id,-0.007923388502114255,11
credit,-0.00793310109980074,19
writing,-0.007933498844408238,21
guess,-0.008006910634695759,115
night,-0.008027827594299734,22
explanation,-0.00807043399666028,6
released,-0.008176273418698697,7
table,-0.008256742269909849,14
course,-0.008298382192218703,43
stick,-0.008302198393698562,16
access,-0.008307775681820267,15
everytime,-0.008402335820955254,9
become,-0.008598876600248086,25
even,-0.008600201600948057,297
later,-0.0086640803191823,36
stand,-0.00881583539543817,20
blast,-0.00883350626839774,8
best,-0.008858357764537387,124
somehow,-0.00888208881103599,31
stories,-0.008995880038161137,15
one,-0.009080423273802622,562
when,-0.009144477019879103,470
train,-0.009173556163882135,9
fish,-0.009232586068996244,10
farm,-0.009309749460142196,6
awesome,-0.009353394523845168,24
horrible,-0.009373622419987997,10
above,-0.009433130731195042,31
plays,-0.00953309816365863,18
trans,-0.009611227311949569,4
removed,-0.009623936307444252,20
david,-0.009639608961718154,9
inside,-0.009735234570246805,23
feed,-0.009761347844928304,4
shame,-0.00976572167292086,12
there,-0.009814857218000949,356
she,-0.009935634358124662,184
violence,-0.010196772469813757,6
hope,-0.010213149917255181,62
asks,-0.010216599376197276,4
ram,-0.010290858062153829,4
practically,-0.010305697286763548,4
ahead,-0.010444768017213106,7
find,-0.010485276959371197,83
right,-0.010528120824686878,240
put,-0.010555328159209948,153
honestly,-0.01056899195892002,56
taken,-0.010605190854570871,18
arms,-0.010655209083373508,8
breaking,-0.010690987483759986,12
birth,-0.010828334509854043,8
met,-0.010833415287701865,7
talent,-0.010836016307092801,8
hang,-0.010856642979667321,9
fox,-0.010885605617724605,7
needs,-0.010892675919077357,61
entire,-0.010981539655605617,54
keeps,-0.01098293435967772,12
considered,-0.011048479087700642,12
recognize,-0.011116679870113312,3
unlike,-0.011217685873467418,4
heard,-0.011307648242809934,30
germany,-0.01139770357977606,8
wanted,-0.011398219213829192,20
believe,-0.011501578055132671,51
linked,-0.011580981277600804,9
clue,-0.011598814398758409,8
building,-0.01176718998799517,11
green,-0.011816213386851253,22
career,-0.01183794176890813,7
twitter,-0.011852352619976034,12
ignore,-0.011905883736092863,9
if,-0.011934577576344394,492
smoke,-0.01195315719606759,7
save,-0.011958958756451633,25
world,-0.012045618622460437,59
3rd,-0.01210214866605073,7
hiding,-0.012149443946105698,6
hearing,-0.012154204898761442,5
assuming,-0.012197767954413345,10
new,-0.012210282699480681,130
nuts,-0.012247451789320995,6
lightning,-0.012247451789320995,6
thing,-0.012259154810238475,162
stone,-0.01235155051354165,5
store,-0.012435993220444226,16
square,-0.012700866347588897,6
considering,-0.012724671381442289,10
rock,-0.012775372419785833,14
caught,-0.012881221109599817,12
they,-0.013040070700883331,745
men,-0.013158374588665013,40
explained,-0.01316494831967882,6
charge,-0.013173829681683652,15
ending,-0.013243637258975146,10
gt,-0.013295179196843945,170
european,-0.013330213003990744,11
film,-0.013366736891912511,6
give,-0.013380037298369786,108
note,-0.013384358940242203,5
code,-0.013404638551743099,10
curious,-0.013409377562689364,8
human,-0.013506626276699884,35
expected,-0.01356592714454135,7
ask,-0.013590194616383177,44
gen,-0.013665303974348343,8
tries,-0.013707300146379527,5
daughter,-0.013720444973757535,6
creative,-0.01373533548368855,7
worse,-0.0138230504870251,21
guessing,-0.013874790047328847,9
trust,-0.013928005353228705,16
opinion,-0.013942110411522176,33
society,-0.013985391913298654,9
involved,-0.014027114176873018,14
telling,-0.014037959741158906,18
red,-0.014160246829982522,47
seriously,-0.014165312054976297,23
feet,-0.014183271074298285,9
asian,-0.014195281960610229,8
disagree,-0.01427063103444444,9
android,-0.014298574498585188,6
helpful,-0.014349330496828051,11
period,-0.014433190909776402,8
plants,-0.014447576528028755,8
happening,-0.014483493548212692,16
granted,-0.014543121657403945,6
info,-0.014635365736437506,10
holding,-0.014723095913694301,11
pulled,-0.014766684671688499,8
hard,-0.014792216786289971,79
weren,-0.014813717658964802,7
suffer,-0.014863954370511306,5
only,-0.014982127658553428,353
male,-0.015035547649852057,12
because,-0.015124637276646957,347
managed,-0.015144339937519508,8
starting,-0.01520961465353997,14
future,-0.015247754965133236,24
sent,-0.015281728616612193,11
game,-0.015312386050469435,175
target,-0.01537806744112721,9
showed,-0.015427560722902937,10
rain,-0.015611686205744798,6
purple,-0.01571225579674705,7
impossible,-0.01571389142927109,10
breath,-0.01575410672319474,6
though,-0.01589291235444335,186
lost,-0.01590453281464417,29
wife,-0.01591186051730786,17
attitude,-0.01595280875838894,5
project,-0.01609680179521265,7
move,-0.016122750959553882,34
nazi,-0.016136291757939823,7
female,-0.016164715059730973,24
those,-0.016189917138616953,129
intelligent,-0.01623910527047443,5
soft,-0.01628756979660122,5
fingers,-0.016376562419810555,7
park,-0.01650779856537347,5
fresh,-0.01657857208073118,9
house,-0.016712602965987155,37
guns,-0.016789428064017082,12
bathroom,-0.016830697997361893,6
literally,-0.01684036371068399,81
paying,-0.016841067440435026,14
gross,-0.016880148975054694,6
filled,-0.01689362775067869,6
time,-0.016939827177772253,256
first,-0.016957556369485725,140
knowledge,-0.016960654671708097,11
looking,-0.016996171066929477,94
lately,-0.017028230812417982,6
used,-0.01702906171777973,104
be,-0.017030762319851324,491
turned,-0.017281422621121565,20
till,-0.01735297764747741,20
appears,-0.017358824394245676,6
tried,-0.017394655206727977,45
hit,-0.017399983111472242,59
ready,-0.01750070438515505,7
part,-0.01765002793461647,96
life,-0.017672104676693556,105
history,-0.017891894173239543,20
anybody,-0.01793783332452798,7
hands,-0.017944321086854342,24
or,-0.017959530459997573,745
quickly,-0.017988865981599836,14
leader,-0.01819410655326195,6
simple,-0.01823349262048981,22
really,-0.018294204984584415,298
meh,-0.018375270256318316,7
room,-0.018401465049109045,24
more,-0.018401902297091707,451
come,-0.018410385243306727,57
load,-0.01852637893186261,6
today,-0.018547581504379584,55
locked,-0.018634516250346397,4
direct,-0.01870044146971444,6
harder,-0.018769789851685734,10
sense,-0.018797638347583603,35
back,-0.01883964751546324,211
amount,-0.0188741745570316,27
dirt,-0.01888738705860538,4
tonight,-0.018902826916366397,19
windows,-0.018918109051883163,7
japanese,-0.01900498780277602,9
+,-0.019033606584124584,58
evil,-0.019124285848304872,11
brings,-0.019128849109397755,6
protect,-0.01929192207288047,7
recent,-0.019328023152046563,11
rolling,-0.019408847066910852,8
played,-0.019479852696951426,43
trap,-0.019504475551707864,5
acting,-0.019530664764550003,9
church,-0.019563025365531908,8
wall,-0.01958839334824119,17
home,-0.019598797253999503,50
realize,-0.0196856010064132,14
likely,-0.01968958337700318,26
basic,-0.01971834149249701,16
growing,-0.019782507564135896,5
technically,-0.01982263135351892,6
turn,-0.019873252589855398,30
stars,-0.01991320996692805,3
wondering,-0.019918928853670036,8
jealous,-0.020035258107336685,4
necessary,-0.020053768374795868,4
brought,-0.020252118663466146,12
drugs,-0.020365344754052914,7
down,-0.02043094051379004,153
sort,-0.02060027756895487,25
perfectly,-0.020664236460562056,12
false,-0.020677496670678717,5
with,-0.020812204566587056,747
rates,-0.02088009087064762,4
physically,-0.020917732513348802,7
warm,-0.020942820993747894,6
dangerous,-0.02095115608245684,6
full,-0.021066349835387,34
sea,-0.021125896447641734,6
stopped,-0.02114443675639463,16
&,-0.02115468840020725,224
lose,-0.02115553178629724,17
better,-0.021206598666182856,150
online,-0.02123150332089669,25
correct,-0.02129869851177092,23
assholes,-0.021357406604436278,5
outta,-0.021496282878741613,3
worst,-0.02150220553851831,26
door,-0.021542603976429497,14
character,-0.021612303959439125,46
background,-0.021762833568203875,9
an,-0.02182781880743014,447
player,-0.0218355244755817,23
something,-0.02184792535246165,193
check,-0.021933879036170924,35
wont,-0.022008240929323006,14
by,-0.022021212795585957,312
draw,-0.022134408384153488,4
alot,-0.02216986030240504,8
odd,-0.022172302998379294,7
actual,-0.022219487557186487,40
moon,-0.022316980882645644,7
loose,-0.022359253023353374,7
friend,-0.0223993139153871,41
else,-0.02251272700600496,38
her,-0.022521301743897538,154
page,-0.02252533964711175,9
among,-0.022576197468464544,11
easily,-0.022619208673063114,7
street,-0.0226332483654445,6
whenever,-0.022648663457675675,16
supporting,-0.02267272818658117,5
absolutely,-0.02268244080967273,17
rough,-0.022692754403633567,7
looked,-0.022694815186319658,23
useless,-0.022700891080450016,11
facts,-0.022713409012532736,10
chest,-0.022815839326089125,5
couldn,-0.022902988072620346,28
never,-0.02292578834357276,140
grey,-0.02301555372539401,5
smoking,-0.023044023569516424,5
special,-0.023065773036837725,19
population,-0.023092932577245564,8
asked,-0.02311351176430748,17
learn,-0.02314868758488213,28
all,-0.023156308131359004,449
numbers,-0.023214816778635503,16
earlier,-0.023303382067541817,17
shouldn,-0.02345452110292956,17
accurate,-0.023544507816873873,5
before,-0.023635998250940995,215
cheating,-0.0236615308815417,6
told,-0.023699319592237242,30
politics,-0.023720946935628352,6
pretty,-0.023864278579295857,129
genuine,-0.023954017935086603,6
justice,-0.023965842173159543,6
rare,-0.02396996239265035,13
honest,-0.02402597647932102,20
turns,-0.024037009306949936,17
process,-0.024095738218943376,6
learning,-0.024170444993112696,7
tip,-0.02418376493809724,3
shown,-0.024189141608794547,5
becomes,-0.024234816558077698,12
had,-0.0242482398812285,206
crash,-0.02428449185601916,4
animals,-0.02428803963578595,6
sake,-0.024310111329522537,3
pop,-0.02450876939817738,13
our,-0.02451214084343964,109
potential,-0.02467939796350144,9
opinions,-0.02467995093408791,3
jews,-0.02468725694226081,4
then,-0.02468911707254654,199
again,-0.024747803036587572,95
return,-0.024748970289268105,9
teach,-0.02477552540920042,6
country,-0.024850461081000225,19
gotten,-0.024853164689529413,9
surely,-0.024913203403209707,5
allow,-0.024989938469559898,12
truly,-0.02499292228801668,21
mid,-0.025019010209879032,18
understanding,-0.02502524507843622,4
couple,-0.025092172561137625,16
wars,-0.02518132203108638,8
camera,-0.025337814852791907,8
bite,-0.025338762342517588,4
fine,-0.025500224976445288,35
political,-0.025534811512457064,14
shot,-0.025560168380923197,16
%,-0.025606514749892808,133
very,-0.025621995673026584,176
office,-0.02565826224087685,8
powerful,-0.025687604328462822,9
as,-0.025687688764344938,582
proof,-0.025811033921198087,9
require,-0.025845546335557273,8
shoot,-0.025953163030641917,14
movies,-0.025972787209230425,7
tells,-0.025979377311514704,7
land,-0.026182900342272546,14
yet,-0.026201890096504497,75
same,-0.02622794811659628,179
version,-0.02624277081842266,28
nowhere,-0.026246364049517204,4
strength,-0.026314419485914415,7
twice,-0.026397378796200494,18
texas,-0.026405245322435513,4
lady,-0.026434452899427058,9
edge,-0.026487389683919588,8
tier,-0.026745455590831912,10
changes,-0.026791239010141337,9
begin,-0.026988723197017506,5
doesn,-0.027029356182894017,125
also,-0.027062117577450143,149
metal,-0.02710487502358652,10
4th,-0.027137910370597373,6
dogs,-0.027147119169090045,5
itself,-0.027182293598488675,25
block,-0.027191473118529715,7
recommend,-0.02722731230016586,8
isn,-0.027316475536713385,115
genuinely,-0.027335371526439133,11
corner,-0.027345616388729333,6
related,-0.0274471712926898,13
clip,-0.02748610619090733,6
animal,-0.027503145623526466,7
therefore,-0.02755851043550842,5
pc,-0.027649932928862007,15
finished,-0.02773486781751504,8
such,-0.027783660868473198,49
passed,-0.027830746574638045,8
relevant,-0.027835340374444656,7
drunk,-0.027892696597010283,8
married,-0.027905353433502155,7
official,-0.02802141135873293,4
over,-0.028057765869961417,258
broken,-0.028058799661085668,11
light,-0.02807243703624212,28
definitely,-0.028106043533236712,47
accept,-0.02817834360309655,5
episodes,-0.02819557873083868,5
distance,-0.028290272777329824,5
possible,-0.0283267780075889,29
choice,-0.028419528580539553,6
lucky,-0.028423918224696778,9
mental,-0.02854240894657489,10
email,-0.028546395463361664,6
sweet,-0.028690576504539093,15
uk,-0.028719474031872173,8
reaction,-0.028750574628924164,10
cover,-0.028759909195466123,12
straight,-0.028820577407058883,27
europe,-0.02888897438634983,5
insane,-0.028968343003148746,6
went,-0.028976133818882484,59
out,-0.029013267219405538,316
highest,-0.02915621887328451,5
coming,-0.029167508636523492,35
talked,-0.029203255658040966,7
nothing,-0.02928185651617865,48
zone,-0.029299440201574833,7
beyond,-0.029383075649612893,7
bunch,-0.029540566852291665,19
book,-0.0295703536073042,9
talking,-0.029625399192989735,49
massive,-0.02970467087750458,16
advanced,-0.03000003721703026,5
once,-0.03000524960873767,73
vote,-0.03002772849788208,12
fact,-0.030085639600998852,55
might,-0.030135470050802218,86
family,-0.030140731309236495,29
ride,-0.030294687080032977,7
end,-0.03032475241426115,75
scene,-0.030325117099940072,7
chances,-0.030371553579641882,3
hundreds,-0.030382887336717228,7
runs,-0.030486576249362272,9
defend,-0.03058209734666279,6
message,-0.03060378588396405,13
core,-0.030604552202615452,9
argue,-0.030670822865380264,7
humans,-0.030840537797828364,14
date,-0.030884190222757194,11
finally,-0.030944766242898804,22
spent,-0.030981456328618706,8
walk,-0.0311922764180415,6
decided,-0.031212245027997628,7
left,-0.03125934651562231,68
anyway,-0.03128585878601926,41
caused,-0.031343750071391965,6
long,-0.03136274838751126,74
effect,-0.0314211537587295,13
pain,-0.03143329718010075,11
basically,-0.03143888212017169,48
fast,-0.03146583427231843,31
would,-0.03147490351965808,357
countries,-0.03153006655412464,12
happens,-0.03160843577405574,16
being,-0.031728663555911585,138
months,-0.03180018789505019,37
quit,-0.03186624517399043,10
rarely,-0.031890528412637814,5
always,-0.03190227560601823,99
speed,-0.03195229700940357,15
change,-0.032349315045472095,38
written,-0.032396415159674244,12
use,-0.03241004622476543,125
instead,-0.03244533823366913,73
safe,-0.03248718693034153,7
sometimes,-0.03253287614279622,42
another,-0.032541483398389554,90
ve,-0.03262939105088623,260
jump,-0.0326612390533448,10
morning,-0.03277926163204744,8
latest,-0.032828880798955414,6
slowly,-0.03290348796408204,4
every,-0.03297511009603229,114
south,-0.032979704298427115,8
common,-0.033027647314582444,15
according,-0.033048566473423434,7
heroes,-0.033112192061597996,7
place,-0.03319023484556836,28
under,-0.033226057506912196,49
active,-0.03322795537281988,8
news,-0.03323420402168103,20
auto,-0.03323708628135543,10
ll,-0.0335112930654884,188
spread,-0.033521836967733205,5
perhaps,-0.033546884449784944,11
characters,-0.033630859071327866,14
add,-0.033674267486424485,27
perfect,-0.033701471409579,21
health,-0.03376060573468782,6
happen,-0.03380447413495118,21
woman,-0.03388913421500663,14
intended,-0.03391488869860282,6
instantly,-0.03394135574438784,5
kick,-0.03394587984176818,8
started,-0.033989400259021724,40
constantly,-0.034302054820751035,9
been,-0.03432957037563368,127
via,-0.034351517725877245,9
further,-0.034399740417460176,10
safety,-0.03443033439519709,6
could,-0.034465926980203454,108
forever,-0.03470311026466636,16
national,-0.034707219721272296,7
feature,-0.03480243117465656,6
living,-0.034919212365781695,22
despite,-0.03496459074419998,5
kept,-0.03499326973050995,12
biggest,-0.035032548888714835,14
than,-0.03505607698517222,173
should,-0.035080210006902764,112
key,-0.035206559058665474,8
raised,-0.035255183088196196,6
sign,-0.0352828605807856,8
depression,-0.03529004686316615,5
skills,-0.035315358859792347,11
unit,-0.035393432358978655,8
x200b,-0.035408181664414506,59
soon,-0.035524008020738254,17
going,-0.035548382041676437,168
almost,-0.035669592568981404,67
easy,-0.035680274476521966,10
way,-0.03574433279783103,95
take,-0.03576066395107951,81
cut,-0.035857435728378004,27
thread,-0.035958215530702504,17
thousands,-0.03598983892368905,4
quite,-0.03600076902257603,23
figured,-0.03604252104497095,8
lot,-0.036047931464085185,130
across,-0.03617660442982467,24
until,-0.03628693324557252,82
try,-0.036300607315025685,78
care,-0.03633813884550623,30
where,-0.036371547310008245,130
test,-0.03640278033028305,8
specific,-0.03650336215889037,17
exact,-0.03659055245148209,16
some,-0.03664655147486377,241
shooting,-0.036662436872884445,8
act,-0.03674243368343555,12
free,-0.036750263247835875,44
originally,-0.03678930562935621,5
surprised,-0.036799251505890064,10
cannot,-0.036832455443849096,10
catch,-0.036837589290404996,7
tool,-0.036858963319923596,5
whole,-0.03686267042318909,61
causing,-0.03693054310257981,4
weak,-0.03694006532945539,7
apparently,-0.037017461072436086,13
needed,-0.037075721377886645,13
totally,-0.037172914376286934,22
normally,-0.0373796900488432,8
canada,-0.03739468976111143,4
doing,-0.037442211548174224,105
tough,-0.03757408975874414,6
off,-0.03759150494437139,130
which,-0.03762845508550302,146
mention,-0.037678625539161965,9
behind,-0.037747893065786194,21
option,-0.037757798993771866,4
possibly,-0.037906670389335276,9
already,-0.038053294328640686,81
extremely,-0.03815813957062111,18
spot,-0.03817116350359721,6
vs,-0.03818358335076757,25
may,-0.03825808844555111,65
bring,-0.03828008872982395,21
assume,-0.038288951824730244,12
hopefully,-0.03843195915149723,17
seems,-0.03854619323340588,47
single,-0.038564090178854475,19
low,-0.038689317277626346,49
seemed,-0.03881848304002413,3
works,-0.0388943103226966,30
excited,-0.03891389494364741,3
stage,-0.03893792301380414,9
present,-0.03898598498012324,6
point,-0.03901662588215111,80
replace,-0.039078927984236476,8
tons,-0.03926338807349173,7
given,-0.039329059313273025,5
last,-0.03934592969482627,94
pull,-0.039423217664827884,7
ideas,-0.03944792011944375,11
statement,-0.039538331586877355,8
wasn,-0.03961649996993285,40
form,-0.039669899828198026,18
force,-0.03985605628604446,8
air,-0.039875835991885156,17
summer,-0.039941979273102966,8
power,-0.039945881817925855,37
most,-0.04003746978790979,158
hasn,-0.04004621874693076,11
group,-0.04013869275618202,15
thinking,-0.04015705200914831,45
weeks,-0.040182831201353075,17
other,-0.040215380362024995,189
blame,-0.040217242804248134,5
city,-0.04026557023285832,11
except,-0.040274997150887594,25
late,-0.04041556965831196,19
everything,-0.040446607394904265,52
month,-0.04046599425716533,18
properly,-0.04052403563515612,7
track,-0.040780538739245496,8
unique,-0.04084329950787223,4
loved,-0.040898496324726766,9
abuse,-0.04129632187570595,6
yesterday,-0.04132048227841003,14
balance,-0.04143461034970553,7
followed,-0.04154626603154931,4
college,-0.04154860692571555,7
line,-0.041577917339411054,24
terrible,-0.04165743537966239,12
data,-0.04170187790854588,7
hide,-0.04176033665510024,5
update,-0.04177180534455744,9
nor,-0.04181013437722015,10
while,-0.041838667911833806,95
continue,-0.04185577548804233,8
shows,-0.04190294548787047,13
otherwise,-0.04193055620448293,5
highly,-0.041958138469166184,9
wearing,-0.04210924157903635,10
personal,-0.042137990034427246,9
pro,-0.04220315506560474,13
next,-0.04225566824679553,65
ground,-0.04231660089321578,10
along,-0.04234469286659586,28
ice,-0.04240287756612213,8
normal,-0.04246273878296885,29
live,-0.04246309139598299,47
rid,-0.042467646823812086,8
mentioned,-0.0424930756933782,16
shop,-0.04261498192510753,7
slightly,-0.04266855089857528,5
large,-0.04268776104219395,7
unless,-0.042700175131187956,18
pretend,-0.042786654931228865,3
rich,-0.04285037945601657,8
great,-0.04294723137471045,68
follow,-0.04305989079288265,10
ways,-0.04307022298755186,11
none,-0.04311037832877692,7
mix,-0.04323755935097439,3
lack,-0.04332218035098867,6
having,-0.04334585459109358,53
playing,-0.043362586580094606,54
books,-0.04346098226205535,12
fight,-0.043550383091274146,14
crazy,-0.04356862470284718,23
fix,-0.04361663691239317,12
ability,-0.043622760966752716,7
behavior,-0.04369943208294178,4
choose,-0.04383880342616045,9
giving,-0.04394803290855857,19
cross,-0.04396391892658481,8
two,-0.04397758124573728,91
tomorrow,-0.044159599148437985,9
fall,-0.04424512433687429,12
ones,-0.04450446199286853,38
2nd,-0.04453414845039185,8
reasons,-0.04465258791422237,5
lots,-0.04469598840443342,8
leave,-0.044824099067362365,14
half,-0.04503451783090445,39
machine,-0.0451035577080038,5
frame,-0.045123174205786896,6
handle,-0.045138830805001556,4
actions,-0.045200199443118885,4
run,-0.04528503504024875,29
anti,-0.04535925559179174,11
attack,-0.04542070897858793,11
giant,-0.04547627653550402,6
step,-0.045518516723957805,8
money,-0.045533156094350775,61
takes,-0.045555140152202384,19
games,-0.04574432322734992,55
party,-0.045807231000591093,15
modern,-0.04590417828096514,9
throwing,-0.04592787275973676,9
hour,-0.04595109300190406,14
drop,-0.046072694167726254,16
small,-0.04609339382942739,26
piece,-0.04625547380447429,13
nearly,-0.046341697188511236,14
max,-0.046363492546232905,9
incredibly,-0.046663716804315,8
whether,-0.046678241798573286,10
lived,-0.04668163612624515,5
lower,-0.04674760298607382,8
besides,-0.04680744325113263,8
although,-0.047110035210332586,11
barely,-0.04711558238120731,8
them,-0.047170150241744306,282
practice,-0.04719425552761191,10
thoughts,-0.04727026299808425,7
themselves,-0.04739127876096751,25
reality,-0.047393191415676085,10
cars,-0.04744604659992727,7
entirely,-0.04750507639573386,9
appreciate,-0.047565722687553484,8
bug,-0.04773840432251138,6
pay,-0.04781326156514707,15
against,-0.04790454008417319,29
difference,-0.04792401439875946,18
per,-0.04794573644751736,18
ton,-0.04796658772441922,10
reach,-0.04799915633908863,6
ran,-0.04801180727507424,7
each,-0.04815436629465916,31
consider,-0.04818142518772042,3
week,-0.04822831737631127,18
gives,-0.04838096870315343,14
away,-0.048499002537865286,47
control,-0.04855319414059693,14
concept,-0.048612985960508205,5
eventually,-0.04869158542388983,13
personally,-0.048808396196173894,15
into,-0.048851024091701147,169
argument,-0.04918087085959968,12
towards,-0.04937162375322831,9
goes,-0.04942254031037754,26
figure,-0.049463998834497584,9
positive,-0.04949563051515637,8
counter,-0.04951698710737973,5
feels,-0.049538125804210305,13
haven,-0.04954396349208739,31
sit,-0.049551100294476444,9
recently,-0.04959343834169586,15
through,-0.04963155083575932,59
opposite,-0.04969766678535464,9
keep,-0.04979323394212976,56
done,-0.04993940689973176,34
response,-0.05010739121504983,11
pick,-0.05018639970063316,11
lines,-0.05019250499134556,7
since,-0.05032257816496989,91
based,-0.050349725592813914,20
their,-0.05036153139863262,175
aren,-0.05044108883469078,36
cold,-0.0505493265401725,6
seem,-0.0505949134020424,17
cash,-0.050660101624209974,8
anything,-0.05067176915601818,106
after,-0.05071037982719066,132
moved,-0.05076090292402053,6
tend,-0.05085342918598064,5
around,-0.0508803709341241,105
general,-0.051057043787230895,15
things,-0.05108817434685586,81
interested,-0.05120480492711467,5
box,-0.051296307200319365,9
space,-0.051354162101287466,11
sitting,-0.051402131747506054,8
depends,-0.05144794807822782,8
finding,-0.05151135952825537,7
bullshit,-0.05162875154137664,7
legal,-0.05177864965700328,9
faster,-0.0519965937681742,8
americans,-0.05200621090270422,6
heavy,-0.05217876387206147,9
stuck,-0.05220296224309591,8
walking,-0.05225540324483254,4
alone,-0.05229811724829536,19
different,-0.05233165578580101,41
felt,-0.05250749244227892,15
enough,-0.052576094566598224,66
strong,-0.052615105126541474,15
imo,-0.052839453789615964,24
whatever,-0.052871274828007214,25
without,-0.05305469254904839,60
list,-0.05308200363353852,11
using,-0.053392688555538845,45
solid,-0.05343043245306383,8
$,-0.053430958620557564,41
clear,-0.05347058337954051,12
dragon,-0.05356400488722901,4
keeping,-0.0536719199258233,7
evidence,-0.05377916201661474,8
less,-0.05383379997307014,67
moving,-0.05387739178143332,8
area,-0.05398563987374508,14
prevent,-0.05406878330049,4
star,-0.0541296203196757,11
amazing,-0.05415786486442327,23
super,-0.05425103409420826,41
share,-0.05436109570568824,9
closer,-0.05449453336974219,6
others,-0.05456608000624129,19
front,-0.054637647654224616,10
drinking,-0.05463821349604225,7
ended,-0.0548640213321766,9
problems,-0.05498272484261854,6
showing,-0.054991135897194926,8
changing,-0.05509705114586685,5
decide,-0.055187382806708575,3
north,-0.055294720638609296,6
emotional,-0.05529913317239028,6
double,-0.05530280065240609,15
huge,-0.05537702496847667,18
break,-0.05544529187039218,9
brand,-0.05545535537604459,5
both,-0.05546629807742441,44
three,-0.055655136985995925,23
trip,-0.0556995800738557,4
past,-0.05582773582579794,15
start,-0.05592152019959959,33
added,-0.05608279505449626,7
somewhere,-0.05609288540900093,11
short,-0.05619988867654019,18
win,-0.05632718324597208,20
bit,-0.056684196763570234,40
main,-0.05683248278057349,11
social,-0.056951120368027575,20
missing,-0.05695371657819621,10
early,-0.0569731363375396,19
useful,-0.057327740214561045,6
body,-0.057507903642829074,17
law,-0.05754592956135373,9
finish,-0.057578574758065125,5
including,-0.057792030820855246,5
complete,-0.05788760726240754,11
directly,-0.058086686053354444,4
magic,-0.05822131875394412,5
healthy,-0.05824631676940766,6
suddenly,-0.058263076487867486,5
side,-0.058314029974753205,23
immediately,-0.05836614957868025,8
usually,-0.05841982608161504,28
hand,-0.05849970135247795,23
similar,-0.05852121141921996,19
previous,-0.05852515877738861,5
rights,-0.05852759951668292,6
waste,-0.058588648836621245,5
set,-0.058618703849324875,20
research,-0.058758763778437355,8
bigger,-0.05887986068287378,7
chance,-0.05897136741311643,11
create,-0.059136560963513864,10
comes,-0.05916086747999,26
zero,-0.05931823303436794,5
company,-0.059351983744604445,8
paid,-0.059536300333198476,10
negative,-0.06021970471130473,10
completely,-0.060446372070272335,33
wouldn,-0.060464853564631604,34
high,-0.06067512330424304,54
women,-0.06085218265810341,19
professional,-0.06088999105589091,6
buy,-0.060921313760686054,33
race,-0.06103544223892176,7
either,-0.06115019517670125,51
forced,-0.06120135960568427,7
push,-0.06121688302121495,8
unfortunately,-0.06143530243211867,10
getting,-0.06166462590469355,70
knowing,-0.06168925952449803,7
few,-0.06179618155556014,45
close,-0.061812212126989,32
due,-0.06187124831682332,24
taking,-0.06196701164281781,26
simply,-0.06199454329055291,7
throw,-0.06225655495429959,11
any,-0.06228072300181051,114
energy,-0.06243583224940012,8
rate,-0.06296703374355515,8
price,-0.06343755750843298,12
longer,-0.06345094576102941,12
information,-0.06351235073568164,7
tiny,-0.06405865094005882,5
interesting,-0.0647194547254421,11
stay,-0.06482013659023364,12
fighting,-0.06514029554042212,6
rather,-0.06522773806938108,14
nature,-0.06572042186876387,3
government,-0.06575739404317676,11
product,-0.06578639394406123,7
result,-0.06594092175886636,4
order,-0.06597827340485918,13
herself,-0.06601029519972045,6
within,-0.06612055663055424,16
current,-0.06614858616103456,11
players,-0.06624807232154944,11
currently,-0.06629540858649546,6
offer,-0.06651002256239912,4
apart,-0.06677341824646618,5
necessarily,-0.06705785323205475,4
putting,-0.06752130799205937,10
tired,-0.06764581029478414,5
compared,-0.06781268936856802,6
daily,-0.06801742584711909,5
between,-0.06808069076363679,36
ridiculous,-0.0692670792294915,4
killing,-0.06951977559047619,7
bought,-0.0695412261104623,11
work,-0.07049053811965618,56
multiple,-0.07069429385312567,10
problem,-0.07084662220192674,20
slow,-0.07116061912632364,4
several,-0.07138632312688614,8
waiting,-0.07142505239578098,9
leaving,-0.07174663951239257,6
especially,-0.07176108936182087,17
plus,-0.07223831356314518,11
damage,-0.07230605497745309,7
situation,-0.07261191852535041,13
wanting,-0.07275466717934578,5
build,-0.07287124344598998,10
drive,-0.07290231428270821,7
example,-0.07312679426704922,10
worked,-0.07356691531259836,10
certain,-0.07367964458295359,9
case,-0.07448529814524193,20
near,-0.07448819142085812,7
local,-0.07651484748825708,6
level,-0.07677485433087318,17
together,-0.07709996102585802,13
car,-0.0773719886497332,13
lead,-0.0776111729168717,4
won,-0.0776940339520635,38
winning,-0.07780182483617797,4
plenty,-0.07820314065451842,5
during,-0.07847168198645958,24
team,-0.07879689414555766,13
article,-0.07905543918536655,5
majority,-0.07905825254687933,8
helped,-0.07917595263555112,4
carry,-0.07922355456538668,3
decent,-0.07964317699074738,8
cost,-0.07974246947159105,6
parts,-0.07980416956440108,6
certainly,-0.08041888081929373,4
often,-0.0805030030210438,11
generally,-0.0809550431809888,6
far,-0.08109680565550527,17
relationship,-0.08159908618233438,7
state,-0.08178101866053226,15
matter,-0.08205484940190139,11
plan,-0.08242881560667276,5
experience,-0.08299145640475554,9
mostly,-0.08300748518745334,10
food,-0.08329381552331765,14
running,-0.08345605087756479,15
system,-0.08402515711129117,16
cheap,-0.08418706151423758,4
support,-0.08428128288104915,11
advice,-0.08430835624862024,7
spend,-0.08486923865975565,6
deal,-0.08486927386497284,9
important,-0.0855362845907128,6
built,-0.08585797392540642,6
luck,-0.08662565920318828,12
fairly,-0.08709022130089521,4
season,-0.08712864359659127,9
outside,-0.08760547599486501,11
able,-0.08767122653167779,21
physical,-0.08942708319618915,6
sell,-0.08998422827682592,5
final,-0.09018331049902903,5
event,-0.09031340145057729,6
business,-0.09087689616022754,6
regular,-0.09098866513841083,6
major,-0.0911310591010075,7
issue,-0.09169784610570347,7
higher,-0.09193293664338331,11
however,-0.09513825402369892,12
specifically,-0.0971613616102023,4
extra,-0.0975424955632926,7
fully,-0.0976185294414036,5
etc,-0.10009844530078238,14
worth,-0.10512085927870397,7
issues,-0.10817741410349267,6
working,-0.11016974149293204,8
