word,pmi,count
level,-0.15627151655050533,5
$,-0.15260177589629,6
issue,-0.1501716167971454,5
games,-0.14486975721880047,7
kids,-0.13949333994459945,6
story,-0.13445980061585558,7
due,-0.1337114547149132,5
season,-0.12962909701149244,5
worse,-0.1295301157266761,6
dead,-0.12934341172614594,5
situation,-0.1257459319150314,6
game,-0.1256580267675346,28
state,-0.12335390612978535,6
support,-0.12213663221029628,8
common,-0.1220330270952264,5
ago,-0.12145062027219794,12
years,-0.12084026419830318,26
movie,-0.11983401547869828,5
op,-0.11858595288727747,9
per,-0.11730643506920871,5
option,-0.1168425421393828,5
based,-0.1164782345224944,9
school,-0.11619421527806338,9
reading,-0.11559381297002182,6
fight,-0.11554309097214217,7
within,-0.11535791850357868,5
money,-0.11523747327372616,18
child,-0.11458892475937588,6
edit,-0.11428297795330887,12
telling,-0.11386312997983201,5
control,-0.11378233176946563,7
anymore,-0.1134055585078726,7
year,-0.11329300090392871,22
buy,-0.11273875600099667,14
human,-0.1127288439554138,7
months,-0.11268754839535709,10
case,-0.11241674346439617,13
stupid,-0.11225808738281569,9
food,-0.11198491217102302,7
etc,-0.11159408232378798,13
read,-0.11134268634118968,18
reason,-0.1109174892495673,19
towards,-0.11077253749032283,5
less,-0.1103061151064028,19
mostly,-0.10983739862357164,7
likely,-0.10967739859635456,11
their,-0.10941619181109456,64
family,-0.10940580438832403,10
whether,-0.10822971350328539,6
calling,-0.10801502055202652,5
dog,-0.10775427989694963,5
complete,-0.10691691995163742,5
simple,-0.10669537139748655,6
remember,-0.10637982588920436,16
source,-0.10611713456914516,6
thread,-0.10596175748161092,6
called,-0.10579245400288713,13
law,-0.10559248953146781,5
car,-0.10472328103264046,9
lack,-0.10469709882015557,5
example,-0.10433080516280417,10
which,-0.1043236168200211,49
clear,-0.10412230320237428,8
basically,-0.10392466039887979,13
sense,-0.10379317054640423,15
country,-0.10368370013747029,9
explain,-0.1036439902425513,6
imo,-0.1033857643989416,6
people,-0.1024332859331926,104
since,-0.10229649522647208,33
form,-0.10214775562744564,6
store,-0.10188455714184692,6
happening,-0.10182488136500076,5
effect,-0.10178048156379345,5
terrible,-0.10156781821533983,6
gotten,-0.10149886864527743,5
joke,-0.1013326849804742,9
means,-0.10050294436696611,16
high,-0.10048228316454048,21
original,-0.10017649968298793,8
difference,-0.0999988231104398,10
problems,-0.09996899836037532,7
these,-0.0991786572208639,44
specifically,-0.09867357061122126,5
fire,-0.09821292928019205,8
point,-0.09756734450293877,39
understand,-0.09738557209842028,21
felt,-0.09719380882070824,9
expect,-0.09657776626437309,8
random,-0.09607961146784189,7
gt,-0.09576352124173194,33
card,-0.09569585738494821,7
wall,-0.09517330386006281,5
standard,-0.09510089899779796,5
living,-0.09468690868190355,9
decent,-0.09461515391650781,7
aware,-0.09460102664836084,5
figure,-0.09453666023840629,7
heard,-0.09398703636966775,14
music,-0.09388367681124378,6
safe,-0.09345843175388,7
similar,-0.09334679717935754,14
because,-0.09314447876869014,105
somehow,-0.09299271730811053,6
poor,-0.09297570050890878,9
went,-0.09297193995604935,22
talking,-0.09278145289228194,20
reasons,-0.09276052175623575,7
team,-0.0923619141607222,16
starts,-0.09232475010339095,5
kept,-0.09217252272770032,6
interest,-0.09205710629293003,5
lost,-0.09203289052213767,13
power,-0.09201402476900693,15
energy,-0.09191376574416416,5
uses,-0.0919090595984667,5
saying,-0.09189392090106514,30
tried,-0.09186717431888777,16
google,-0.09180240345925525,7
except,-0.09174875729424853,11
recently,-0.09170391053497871,8
sell,-0.09170338338119775,8
minutes,-0.09144739337272269,10
started,-0.09128545283865262,19
local,-0.09125696689214396,6
e,-0.09123478055321269,9
hasn,-0.09122978444837318,6
list,-0.09063973958005521,9
speak,-0.09037204396768095,6
worked,-0.09037013334235335,10
shitty,-0.09031042802659504,7
change,-0.09029641967764082,24
note,-0.09026608860480499,5
sort,-0.08966182849894162,10
listen,-0.08934951626435242,6
party,-0.08932037687328308,9
during,-0.08912084367254801,16
others,-0.08884781905341585,18
number,-0.08877200613219405,12
loss,-0.08862153996372957,5
conversation,-0.0884068555727712,5
assume,-0.08829641494795944,8
given,-0.08810398985478791,12
different,-0.08801000765862343,36
suggest,-0.08756073004260924,5
build,-0.08752633877954405,11
end,-0.08747768101271262,33
sold,-0.08729394427695228,5
said,-0.08699994367920766,52
dumb,-0.08693260807983365,9
book,-0.08690507237130946,9
important,-0.08673846404792727,13
charge,-0.08664926026559186,5
moment,-0.08664258448693585,10
outside,-0.0865022055232143,12
version,-0.08626782647640335,10
step,-0.08623525778170693,7
non,-0.08608588241107563,13
wasn,-0.08605660108017461,27
world,-0.08598731667133797,30
gives,-0.08589151205261637,10
response,-0.085694210116435,7
expected,-0.08554324167888862,5
total,-0.08553977425237058,7
overall,-0.08549419230787002,6
ground,-0.08528340445785071,7
annoying,-0.08527474171943498,6
reply,-0.08522721124117606,5
works,-0.08506754974160614,19
pro,-0.08505184426581042,7
nearly,-0.08464863198702492,6
none,-0.08460956136549011,8
stuck,-0.08447885672529001,6
avoid,-0.08435327511012562,7
shouldn,-0.08427770233502313,13
left,-0.08409177734177521,25
mom,-0.08403707284011491,10
rule,-0.0839523507477972,6
continue,-0.083818512256832,7
through,-0.08380338260113869,40
running,-0.08379579988872188,12
write,-0.08377259407114016,6
weeks,-0.08359808852385053,12
fact,-0.08354361677306202,24
vote,-0.08344972512865341,6
considering,-0.08337583526003617,8
argue,-0.08326259084356857,5
difficult,-0.08312280026721343,8
stopped,-0.08307357179624743,7
damage,-0.08305397603864469,11
certain,-0.0827924042991878,12
blue,-0.08264366626965673,8
house,-0.08253110514659978,15
knows,-0.0823685030663972,12
quickly,-0.08218928711373014,7
particular,-0.08214806984601712,5
regular,-0.0821218081328234,7
die,-0.08201063635881344,13
lower,-0.08198534561949596,9
watched,-0.08186307477343707,7
gone,-0.08172805993586098,11
selling,-0.08156020023945704,5
simply,-0.08146795772285707,11
statement,-0.08078298608968804,5
mention,-0.08059032442508149,9
supposed,-0.08041095153100683,11
using,-0.080140699385843,31
past,-0.07987662950276422,17
phone,-0.07965242024735018,12
song,-0.0795699892905584,6
experience,-0.07921473408750408,20
disagree,-0.07915819415239801,7
being,-0.0786944603884779,91
depending,-0.07862386849544549,6
require,-0.078590049699947,5
early,-0.07837596604022187,13
recommend,-0.07835342264141874,9
remove,-0.07831543485971691,6
amount,-0.07810951677795741,17
scene,-0.07804941866958247,6
they,-0.07804394254251135,253
mad,-0.07787120818988197,8
knew,-0.07768212117629358,14
known,-0.07762217057170304,9
happened,-0.07755073471307757,21
putting,-0.07749217600990001,10
starting,-0.07740280363378418,10
isn,-0.07715883036294459,58
run,-0.07710463167461279,25
everyone,-0.07708302939124442,46
b,-0.07705697530832456,9
built,-0.07673219809872174,7
sad,-0.07655254384321056,13
rules,-0.07652080415215687,8
brain,-0.076514561723104,8
class,-0.07649198386540375,11
has,-0.07647732662729995,130
easy,-0.07636611342073853,22
obvious,-0.07631582358754695,8
screen,-0.0762545295289448,8
adding,-0.0761856588423204,5
include,-0.07613103815900749,5
didn,-0.07608398992587116,76
further,-0.07584883877329704,8
goal,-0.07575610488187204,7
short,-0.075711079508431,13
didnt,-0.07571028035588781,7
training,-0.07570690116326578,5
order,-0.07567545809138239,14
afraid,-0.07564861223425327,5
ton,-0.07558287710337039,7
aren,-0.07535075838274238,31
claim,-0.07518611859398812,7
normal,-0.0750441354195441,17
constantly,-0.07502468858376475,7
easier,-0.07495391708948067,13
used,-0.07490322574349302,49
eating,-0.0748156847620093,8
cannot,-0.07467556286488897,10
move,-0.07463551829327371,22
our,-0.07461097293479484,44
truth,-0.07448098116571342,7
balance,-0.07445314730464876,5
meaning,-0.07430083594581956,6
seconds,-0.07414776366076613,7
completely,-0.07406079114575703,23
actual,-0.07396962096066859,18
realize,-0.07393254277824199,12
shut,-0.07381452768711322,6
aside,-0.07380858713229616,5
opinion,-0.0738072403407575,17
along,-0.07363562533484805,13
idea,-0.07344583503549387,34
fans,-0.07332138279202974,9
sister,-0.07331148024302332,5
learn,-0.07311934274506997,15
earth,-0.07311592606330562,7
english,-0.07295909116476673,7
gave,-0.07290345582002182,15
low,-0.07290193799289815,20
considered,-0.07278829461177133,9
key,-0.07270504969366584,7
mistake,-0.07246538431851951,6
air,-0.0723641925452816,9
illegal,-0.07203876499553616,6
%,-0.072023369620345,46
choice,-0.0719787283801062,13
fair,-0.07189997879142535,17
online,-0.07173574201132149,12
finally,-0.07155994447768937,14
added,-0.07154795543400612,9
own,-0.07151820299242775,48
possibly,-0.07146236432998779,8
having,-0.07132086552905435,48
space,-0.07122882051081848,13
compared,-0.07097082553296695,10
single,-0.0703068607782229,23
group,-0.07019977246138333,15
previous,-0.07019406353571465,7
effective,-0.0700418602703461,5
hate,-0.06982920685753054,28
regardless,-0.06977631320772036,9
healthy,-0.06968837853715784,7
trying,-0.06964300803139897,51
met,-0.06959480917452697,7
unfortunately,-0.06958850664449799,10
comes,-0.0695503257047695,25
later,-0.06939650016513493,21
part,-0.06935635938893382,45
each,-0.06923257647762941,31
without,-0.0691752471871511,51
strange,-0.06857496372253218,5
future,-0.0683486418010775,17
box,-0.06832714388987765,9
moving,-0.06828982522619853,10
rid,-0.06828524467425394,5
playing,-0.06824675750318267,32
target,-0.06817810359105528,6
once,-0.06814287151114266,43
keeping,-0.06814176956050963,8
unless,-0.06810064594691247,24
takes,-0.0678420499673515,19
sometimes,-0.06780480512830081,25
seems,-0.06777347754205655,42
age,-0.0674933375187192,14
info,-0.06738418297373334,9
credit,-0.06734691850967382,7
his,-0.06718075181666987,113
late,-0.06713362329717613,13
definition,-0.0670981275006774,5
stats,-0.06708072937407746,5
realized,-0.066880147563952,7
perhaps,-0.06682296898773252,8
passed,-0.06679409665228322,5
forgot,-0.06668651485695554,10
funny,-0.06650386993493511,19
impossible,-0.06594501330334089,8
cross,-0.06591605471711298,5
he,-0.06586308025504625,201
believe,-0.0658382414946659,39
fail,-0.06579144560521111,5
other,-0.06572930902146744,124
website,-0.06548814529606421,6
language,-0.06542411032550317,7
crime,-0.06539280276039869,5
nobody,-0.06537353169173778,14
days,-0.06527320361004853,34
interesting,-0.06509701164573378,20
shows,-0.06504777644100769,14
access,-0.06501264207274494,9
haven,-0.06495047512339813,30
city,-0.06481823045077431,13
middle,-0.06474848809108752,14
"""",-0.0646683821824867,146
asking,-0.06464964110357677,16
although,-0.06463708522635594,12
text,-0.064626261468626,7
magic,-0.06459433746966163,7
begin,-0.06456703809691376,5
goes,-0.06448421056207045,26
leaves,-0.0644366587243611,5
sexual,-0.06436782295264545,6
new,-0.06428948108651007,76
mix,-0.06412902094511082,5
excuse,-0.06410933292350192,7
attempt,-0.06410004558928988,6
him,-0.06403248174648497,100
red,-0.06389089905913911,17
equal,-0.06374165916183304,5
personal,-0.06373653069548565,14
normally,-0.06366433518990788,6
knowing,-0.0631731278296238,10
among,-0.06313663220409343,5
she,-0.06311125701988587,95
x200b,-0.06280736106046578,22
obviously,-0.06278316008404647,20
month,-0.06275585048245351,19
hour,-0.06270887678989333,13
weren,-0.06250938847855386,11
been,-0.06246147640372014,129
effort,-0.06235645970213659,10
following,-0.06227703557550104,8
found,-0.06188483897446533,33
provide,-0.061692605474553734,8
saved,-0.06164528677952301,6
ridiculous,-0.06140137027244101,9
failed,-0.061302558797001826,6
actually,-0.06119313335500708,95
rate,-0.061028709193523226,11
perspective,-0.061025303104106546,7
apparently,-0.06102187049046769,12
week,-0.0609500864951687,30
line,-0.060923962508554905,23
angry,-0.060877438114294455,7
link,-0.06075416926842527,18
lose,-0.06058811392640761,19
ignore,-0.060203944054675114,8
wrong,-0.06001985801923293,53
doesn,-0.059989981853339425,99
comment,-0.05995264521013494,34
plan,-0.059905186129833296,15
alone,-0.05989448143369659,18
friends,-0.05989160583424202,32
easily,-0.059706132340879875,18
dr,-0.05952989237496813,5
apply,-0.05952206465801649,7
meant,-0.059428221276227475,18
against,-0.059410017515236994,38
says,-0.059393104665023046,29
south,-0.05935944873767019,7
questions,-0.059218399074174026,11
correct,-0.05916352552532222,16
stuff,-0.05902406188519789,45
had,-0.059019036235908484,154
usually,-0.05897941324523952,32
parts,-0.05895240150211224,11
done,-0.05889896820702892,52
points,-0.058774740207595315,17
entire,-0.05870282498637242,24
respect,-0.058560805795641796,11
search,-0.0585447139986681,8
pack,-0.058521129891880894,6
rare,-0.05842461554029934,8
mother,-0.05840847798390864,12
theres,-0.05829051729625168,5
views,-0.05825539574517376,5
sadly,-0.05816309305907773,6
besides,-0.05813531137627911,8
abuse,-0.058128158077275296,6
kick,-0.058120669093987415,6
sucks,-0.058000180723491286,13
college,-0.05794082870659988,11
turning,-0.057753698629334625,6
least,-0.0577262287260552,59
nor,-0.05758325734643823,7
minute,-0.057531726431733876,9
personally,-0.05739117731453579,21
second,-0.05737924319993261,36
set,-0.05729188496487259,31
content,-0.057250383571267584,16
(,-0.05723463312421944,231
doing,-0.05716245483367953,71
fast,-0.057060267446325016,19
onto,-0.056949889404235794,8
took,-0.056909986384020374,33
â€œ,-0.05675269698954437,65
another,-0.05651136083979759,61
trouble,-0.056394932338074834,8
accounts,-0.05634073265288547,5
three,-0.05630019031425879,21
idiot,-0.056251067781030735,8
+,-0.05616679803445696,35
liked,-0.05616361287858362,11
blame,-0.05596730197075371,9
hadn,-0.05572291525392383,5
win,-0.05571342192794124,25
laugh,-0.0556546525103555,8
hilarious,-0.05564417018919888,7
away,-0.055487105869364804,52
multiple,-0.05542472022501835,16
lines,-0.055417620329356834,9
life,-0.0553481832948881,71
stand,-0.05517179371057226,16
unique,-0.055039514737127926,7
going,-0.055037665149333954,123
exact,-0.05501620997331461,14
few,-0.054744225530894856,70
worth,-0.05471012854975375,34
unit,-0.054695996812152696,5
made,-0.05457602226955931,87
still,-0.05455437625559027,149
save,-0.054464845316163024,19
style,-0.05444541315477188,14
last,-0.05444201771409894,71
pushing,-0.05428385992383529,6
cry,-0.05415647384164335,6
company,-0.05408621619467622,19
immediately,-0.05396561572028894,12
doctor,-0.05389895676031492,8
honestly,-0.05378244073994861,37
accurate,-0.053775651906332114,8
happens,-0.053771017544605074,25
however,-0.05373595298068429,27
old,-0.05365624805739048,58
fall,-0.053549233082324336,13
wrote,-0.053483888937034284,7
steal,-0.053423869329714234,5
friendly,-0.05332862018161264,6
happen,-0.05306960937781406,33
travel,-0.05299844157401364,7
told,-0.05292834174256685,28
sets,-0.052818488270110674,5
ways,-0.052695764470359924,16
needed,-0.05265218270604397,22
finding,-0.05262985522211497,10
helps,-0.052531484501745364,15
almost,-0.05242132571788531,45
owner,-0.052405654587141644,5
beyond,-0.052388803563660186,11
respond,-0.05237954322169283,5
possible,-0.05234234047326471,32
star,-0.052284743191661424,12
h,-0.05227987751730685,5
dangerous,-0.05226018255005327,8
ending,-0.052191329206797456,8
below,-0.052097663412185614,9
came,-0.05183814533915126,36
female,-0.05174852805683851,10
#,-0.05162134690215828,48
ugly,-0.051572042240181644,5
fix,-0.05137484178759548,16
oil,-0.051319019367802206,7
lazy,-0.05118083998323954,7
asked,-0.05112852696009544,19
working,-0.05097531025357378,32
matter,-0.05090322663191098,35
highly,-0.050829620765186934,10
proof,-0.050544785672358816,8
summer,-0.05053871944936314,10
else,-0.05050760748041456,60
spend,-0.05024963361308897,20
directly,-0.050102271014753286,11
train,-0.0500423467903122,8
prime,-0.04999667097720888,5
consider,-0.04997898986515981,18
clearly,-0.04997711767283522,22
who,-0.04978502442284171,179
dark,-0.049591654398129834,15
spell,-0.04956157487676375,5
most,-0.04950047575395073,125
member,-0.04945971371052449,6
far,-0.049444069533631396,57
type,-0.049434190775117105,26
focus,-0.04938248032719334,14
disappointed,-0.04935718200149502,6
favor,-0.04930469841905152,5
insane,-0.04920290693319901,11
answer,-0.049153664087217344,23
address,-0.04901745154818877,6
person,-0.04893552151353522,66
pay,-0.048910316697280506,38
taken,-0.04890758029637383,19
nowhere,-0.048763108776984615,6
],-0.04870752717346968,57
home,-0.04851253881856888,38
[,-0.04843394204087488,70
tells,-0.048427440098334815,7
suppose,-0.04839236157619488,7
area,-0.04836336503067706,20
entirely,-0.04831996688853825,12
honest,-0.04831038403514149,15
complaining,-0.048143571756697,7
things,-0.048071127811039206,98
park,-0.0479277377647991,7
thinking,-0.04781235403234019,39
seem,-0.04779729634783727,36
did,-0.047661495839670616,153
choose,-0.04725963762631955,16
usa,-0.04722058816357098,5
six,-0.04714598199246069,6
canada,-0.04701718985495536,7
planet,-0.04694918706606377,7
keeps,-0.046868508785557664,10
judge,-0.04681961565675184,7
something,-0.046803655178296315,137
silly,-0.04675270671272671,7
special,-0.04670053475432164,16
probably,-0.04667109590001915,101
extra,-0.046486744065132056,22
allowed,-0.0463798091852416,17
tomorrow,-0.04631197910589156,9
water,-0.04621675070854469,29
cares,-0.04612426732422773,9
internet,-0.04605670853499024,20
â€˜,-0.04593745826374876,11
everybody,-0.04589912103472071,8
yet,-0.04570746904081101,50
bother,-0.04565329146662921,9
german,-0.04557003360574059,5
match,-0.04544190158837048,15
alot,-0.04543652383420269,5
skip,-0.04538823064167192,5
cake,-0.045360991366472155,8
light,-0.04532125338985678,22
thought,-0.04528180794727738,86
deal,-0.0452051176574992,33
ten,-0.04520001125912346,6
tend,-0.04518179201206371,11
window,-0.04501034103451624,8
quality,-0.04499568127046386,20
strong,-0.044897566032047795,21
folks,-0.04484677027457723,7
today,-0.04480440160419023,35
times,-0.04480391092045479,61
also,-0.044745669231352404,194
won,-0.04471051179017049,63
counter,-0.04456269443983252,9
grade,-0.044562447808309175,5
ex,-0.04455269143450662,9
east,-0.04453452567458582,6
table,-0.044507099443503804,9
ideas,-0.044466224958017095,10
either,-0.04444991388228443,66
words,-0.04429626099314048,21
across,-0.044210108624365474,17
grew,-0.04407757819336399,7
correctly,-0.04397204098840385,7
checking,-0.04396126644925194,6
mass,-0.043792211610380334,8
teacher,-0.04359418779684322,6
soon,-0.04349612291444478,28
sick,-0.04346372005470241,13
anyone,-0.04345868926788552,69
details,-0.04331782785389067,8
aim,-0.04330053938871865,5
often,-0.043110027843986994,34
boring,-0.04310821581108998,10
pride,-0.04308958329721918,5
paper,-0.043085387627146955,10
luck,-0.043006863261308724,27
â€”,-0.043002656304951356,6
count,-0.04292513311080304,14
figured,-0.042811765779810336,9
them,-0.042737486543003626,238
properly,-0.04272931183466887,10
ends,-0.04262685992719292,10
science,-0.04261991471895148,9
dad,-0.04259977364340187,19
longer,-0.04239037805973671,25
instead,-0.04232494953324348,55
solve,-0.04232205572290824,5
live,-0.042314658129086226,54
ups,-0.042245289762086975,5
literally,-0.042193734051291565,58
fell,-0.04212432823845432,7
looked,-0.042104897551508855,24
removed,-0.04206997762363766,11
couldn,-0.04204393810247215,34
epic,-0.041919299599217294,9
jump,-0.04180288059787609,12
coming,-0.04160899197706127,38
quick,-0.04160259914733321,18
miss,-0.04157310538362808,18
crazy,-0.04155695240877254,27
her,-0.041357908551885314,121
before,-0.04129903449609848,120
neither,-0.04114598137047188,11
confidence,-0.04104626586923849,5
powerful,-0.04103165166846145,10
standards,-0.04102133513713566,6
golden,-0.04100766504297407,6
staying,-0.04098031455885912,6
younger,-0.0409673767663626,8
alright,-0.040915257874672976,10
side,-0.04070063364878895,45
after,-0.04069182549661871,138
making,-0.040642386643815136,66
turned,-0.040523580410567125,18
scale,-0.04040491480829207,9
drunk,-0.04039900913124303,7
shoes,-0.04035954058723756,6
flip,-0.04032241937026424,5
wait,-0.04026655916501406,54
talent,-0.04024275191703645,5
able,-0.04019628595341585,63
grind,-0.04019152694762776,6
evidence,-0.04011321181285065,13
page,-0.039970565221096925,13
karma,-0.03989966561702959,8
k,-0.039852545943796454,9
forever,-0.03983954552114116,12
nothing,-0.039767629911786936,79
captain,-0.039718929095246845,5
nose,-0.03969208763156172,5
walked,-0.03955146804606732,5
especially,-0.039527959751805716,48
unable,-0.03950796721518993,5
ah,-0.039383869537552255,21
heads,-0.03928138266637347,7
confirm,-0.03924111971026027,8
mean,-0.039139339660606474,104
showed,-0.03910739642564196,10
first,-0.03906106829598643,149
pain,-0.03887153066754174,15
was,-0.03885680638434629,468
bonus,-0.03883836087588934,8
anybody,-0.038778986775276476,7
checked,-0.038618692175092256,9
same,-0.03853450929954155,169
paint,-0.03852138918755535,7
subs,-0.03834604303418479,6
name,-0.03832981237824453,48
barely,-0.038242793505010114,13
bear,-0.03818609333609764,6
breaks,-0.03818438327056017,7
pre,-0.038136306356834515,12
bar,-0.038102655882153544,12
hits,-0.038086443219831435,10
scary,-0.03807315517172298,7
harder,-0.03802791073173423,15
notice,-0.037934980726074194,15
job,-0.03790761113276208,53
downvote,-0.03784485915397859,6
loud,-0.03783742312182852,7
tired,-0.03781801114141711,10
expecting,-0.037724996628658636,9
doesnt,-0.03766530810973122,12
stay,-0.03761126508980135,32
greatest,-0.03756340682003099,6
holding,-0.03751358064154703,13
depth,-0.037508904146658535,5
even,-0.03743970086679797,228
many,-0.03742096719775166,109
opened,-0.037402964966835546,6
record,-0.0373338119831857,11
sees,-0.03730976486944052,6
by,-0.03722917747752819,225
smoke,-0.037222758827220016,8
true,-0.037203500714800865,61
door,-0.03718999526386779,13
self,-0.03702476188566232,28
instantly,-0.03701449431378751,6
exactly,-0.036949733211995586,54
trust,-0.036923570527264284,18
germany,-0.0368358226818466,6
enter,-0.03680814065388424,6
suspect,-0.03675963401324393,5
ones,-0.03656857005750157,44
bag,-0.036438691147243844,9
cold,-0.03630978694342878,11
california,-0.03624253417761015,5
comments,-0.03611033117897831,27
frame,-0.03609823892034692,7
proper,-0.03607943591778558,11
w,-0.03599993236606084,10
blast,-0.03594227728738572,5
practice,-0.035924318773999715,12
site,-0.03591957496962905,11
brother,-0.035773853075421747,16
large,-0.03576949130940699,24
bothered,-0.03572265191572736,5
shop,-0.0356371903325299,10
reference,-0.03551204503534901,12
eggs,-0.03546193641941791,5
eh,-0.035436304531938814,8
tons,-0.0354069506661089,9
word,-0.03538913795083811,30
allow,-0.03532360355408139,17
public,-0.035073645424863006,23
contact,-0.03498609389143979,12
town,-0.03493221190717036,12
chance,-0.034647743705361646,36
randomly,-0.03456096052581256,5
several,-0.03454533212456169,20
talk,-0.03448146691931148,45
plus,-0.034480499726880505,28
cool,-0.034471406617044516,56
between,-0.034437678255177934,57
add,-0.03434583082654101,39
drive,-0.034326848285004874,21
pure,-0.03432390329284649,10
review,-0.03419151283827823,6
ball,-0.034154290688931825,15
weight,-0.03412311789235594,19
someone,-0.0340710334919428,142
heart,-0.03404496849433189,18
finger,-0.033857365500081754,6
fly,-0.033781480374013184,9
gets,-0.03360223042100057,63
or,-0.033426013504830585,411
pool,-0.03328677712428611,7
boss,-0.033277032640166584,13
clip,-0.0332144164704718,6
getting,-0.033210764129163094,114
wild,-0.03308693729648889,11
half,-0.03293419531091118,47
decide,-0.03292798892566011,16
wasted,-0.03288622241598818,5
couple,-0.03280714238493429,42
absolute,-0.03278685496593941,15
mark,-0.032779911605896536,9
basis,-0.032776262677389346,7
smoking,-0.03276496327559081,6
pass,-0.03272052729796243,22
reminds,-0.03254174089700747,11
amp,-0.03252275188290229,68
giving,-0.03248704496548211,31
larger,-0.03247717148311483,10
extremely,-0.032428644901602806,21
â€,-0.03231693872496856,98
netflix,-0.03226646973150487,5
justice,-0.03225572962125271,7
women,-0.032126144918814006,37
were,-0.03207899945932451,180
driver,-0.03206543845387388,9
double,-0.03198667540204408,20
&,-0.031875029987056824,159
beat,-0.03167323907718658,25
opportunity,-0.03163052715282875,11
above,-0.03162690740876908,27
stops,-0.031581166392056485,6
problem,-0.03157744061471225,71
married,-0.031321528095580815,11
hire,-0.03126898625184284,5
agree,-0.0312614177680649,66
adds,-0.03124283252158799,6
covered,-0.031237390207590292,8
pizza,-0.03116508612660357,6
feedback,-0.031007206334282736,6
an,-0.030849368343057227,343
again,-0.03072830518722328,99
=,-0.030663282418967503,21
noticed,-0.030570434951644646,16
solid,-0.030552687580084916,16
from,-0.030523880841236015,359
excited,-0.030506919316873618,14
release,-0.03045682254386216,19
insult,-0.030402573200514045,5
forget,-0.03037394230753456,25
will,-0.03026002107699774,270
worry,-0.030222441942481817,21
saw,-0.030211137096214584,51
history,-0.029970647359039215,28
time,-0.029829482763583173,277
though,-0.029808376183330418,149
pop,-0.02979091216696403,12
apart,-0.02978645670077795,12
isnt,-0.029765288446395213,12
when,-0.02973309080676127,340
wont,-0.029589662359597164,10
cant,-0.0295273581079107,22
already,-0.029391505450177442,96
son,-0.029391100506832597,15
dig,-0.0293521712845465,5
taking,-0.02934534913318065,48
intended,-0.02925620440465752,8
comparing,-0.029248123736402638,6
flow,-0.02918931890403338,5
manage,-0.029116619732598464,9
about,-0.0290928554068302,374
kinds,-0.029091016946035938,7
c,-0.02908041318929384,20
hundred,-0.028852228874230425,6
position,-0.028757978379218146,21
carry,-0.028728828923990517,13
exchange,-0.028706771868747705,6
hitting,-0.028650115165747225,11
/,-0.028184905333043467,314
shock,-0.028145490033359692,5
trade,-0.028100013919410183,17
hidden,-0.027921475247302128,6
wanting,-0.027913050413816077,15
thoughts,-0.02784299381478217,14
wanted,-0.02781182074758743,59
trip,-0.027600514001305396,12
*,-0.027589161620508965,158
gods,-0.027555176736141385,6
guess,-0.027527771394014345,79
pretend,-0.027341620725222615,8
two,-0.02732260757892206,112
wondering,-0.027257353138113165,14
lie,-0.027143711233124215,16
anything,-0.027024238275342255,126
legend,-0.02693472656303969,6
laid,-0.026900723509565433,5
turns,-0.026889934672859137,17
surprised,-0.026790176661408,23
only,-0.026781696344321218,272
black,-0.0266886952013871,45
question,-0.026622315760275454,51
chill,-0.026620108942637707,8
pulling,-0.02655855829275254,8
forward,-0.02649069572170091,22
lot,-0.026364391969542426,156
call,-0.026321437566425916,61
than,-0.02631285174111262,248
weird,-0.02612546787223207,44
quiet,-0.026073835939298087,6
elsewhere,-0.025997350155502315,6
upvote,-0.025765433622679065,11
color,-0.025552468873194983,16
worries,-0.025419752723623398,5
expert,-0.02537245892772082,6
stress,-0.025332071760403467,9
warning,-0.02522196033191661,6
purple,-0.025139694598406277,6
mr,-0.025083526394572266,9
break,-0.024980376254308777,36
accidentally,-0.024696340056848856,7
turn,-0.024692736875237663,46
bit,-0.024686516844209614,91
screaming,-0.02462500838276293,6
convince,-0.024556123248444344,7
grown,-0.024551896735345496,8
shocked,-0.024507142596743327,6
subreddit,-0.024489755011953857,118
study,-0.024373286306143785,10
de,-0.024367107177522752,8
anyway,-0.02434191324006037,39
reaction,-0.02433221547018718,12
skills,-0.02422509584596916,15
woman,-0.024106460295246514,32
bad,-0.02407077738688074,145
push,-0.02394031586305322,19
letting,-0.023937828815119896,13
cover,-0.023912879007732205,18
sound,-0.0238960984501216,37
available,-0.023854913933022207,25
wants,-0.02382136123278425,42
dress,-0.023788637721465687,7
somewhere,-0.023694594106511705,23
album,-0.02362315580131832,6
congratulations,-0.02349906588683838,7
intense,-0.02344111294613152,5
neat,-0.023396947882436105,6
doubt,-0.02338615846453027,29
pretending,-0.023320949667306905,5
into,-0.0232681558409163,197
makes,-0.023229762689458918,120
blood,-0.02317971386860095,17
round,-0.02315880360800712,16
rather,-0.023094440314146845,54
finds,-0.023079817013587845,5
behind,-0.02278128982017037,38
ppl,-0.022597128895666146,5
appearance,-0.022497798294566176,5
caught,-0.022383745729010147,16
thin,-0.02222282327879725,7
lying,-0.022212754535343077,11
club,-0.02219493715809204,12
never,-0.022161347444383046,199
tiny,-0.02208098860441864,13
at,-0.02198299317048193,481
present,-0.021922281490832463,11
reverse,-0.021864402218240753,6
any,-0.021820817193991444,229
com,-0.021567258928843192,8
serious,-0.02151364812801707,27
follow,-0.02131029008839195,26
ahh,-0.02116046163429524,5
edited,-0.021118595351915136,6
edge,-0.021016613316930177,10
suit,-0.020978150315931428,8
standing,-0.020975646164674136,12
describe,-0.020881564413117303,8
struggle,-0.020842457027968057,10
don,-0.020574592577134624,431
kinda,-0.020543176558376352,48
meeting,-0.020533597187472805,8
us,-0.020469189531159192,135
chair,-0.020421614625706946,5
teach,-0.020414794513826662,10
height,-0.02035618681606697,7
y,-0.020319279637778197,23
stands,-0.02015632784347406,9
weekend,-0.020129772396637078,14
shadow,-0.020064539133638454,6
orders,-0.02005727791107008,5
trick,-0.019864479985861567,9
appropriate,-0.019832961178965654,8
does,-0.0198207060958456,174
naturally,-0.019817504994672167,8
enough,-0.01972269357317091,123
killer,-0.01960632952875381,7
sugar,-0.019562416726566355,7
swap,-0.019491725013587057,6
sensitive,-0.019476502541450467,6
cause,-0.019461188305491796,51
liking,-0.01935202620341869,6
material,-0.019269975938535112,12
stealing,-0.01915073896212257,6
yourself,-0.019106243673065956,66
stopping,-0.019103630561134084,7
eye,-0.019075798162785464,21
small,-0.018920217080143246,60
walking,-0.018858658611250342,16
request,-0.018783749858844134,7
natural,-0.01876951985029599,16
offense,-0.018602995032559997,7
not,-0.018572393940467103,692
soul,-0.018561517100287292,10
roll,-0.01837190063180676,16
everything,-0.018350295113655234,99
but,-0.018345706676109325,784
hook,-0.018286223602141823,6
fancy,-0.018210960488646753,6
suddenly,-0.01812279655499572,13
place,-0.017838662370118052,84
mood,-0.017822615559691255,6
while,-0.01774904390327617,152
office,-0.01768573060948426,18
fresh,-0.017616785914788376,11
road,-0.017612640046283982,19
friend,-0.017572792811491992,64
coast,-0.017279360370686718,5
australia,-0.01721230577871137,8
white,-0.017170234478541567,51
shooting,-0.017147193226921608,13
treat,-0.016988901758016962,14
followed,-0.016789393606885587,10
crew,-0.01675817444151075,6
awhile,-0.01675017204948014,6
fan,-0.016592901921592036,39
\,-0.016543803744215747,37
button,-0.016505012541794213,14
fine,-0.01647150302728868,70
guessing,-0.01637573944169575,11
might,-0.0162811382380689,129
somebody,-0.0161964969339954,14
foot,-0.016182783022804823,12
interview,-0.016161744629273524,9
this,-0.016160926256192653,902
cuz,-0.01614014172956737,10
hours,-0.016113170317181395,56
leave,-0.016084959751942948,52
tag,-0.01608211859342227,9
top,-0.016060552853716402,78
bruh,-0.015985484877485506,10
bc,-0.015955175934881525,10
traffic,-0.01587790455471319,9
>,-0.01587575334384955,753
9,-0.01587575334384955,753
<,-0.01587575334384955,753
num0,-0.01587575334384955,753
kind,-0.01587532575694529,98
equipment,-0.01585304047632499,7
calm,-0.01567293909955138,9
nah,-0.01558582185905027,29
depends,-0.01555292561490097,27
twitter,-0.015510300582195314,15
brown,-0.015396586626565163,10
start,-0.015324990044001582,97
ps,-0.01529052282537306,5
hold,-0.015164955773415438,39
reward,-0.015100649193099678,9
british,-0.015094190849179335,8
dropping,-0.014974141497447593,9
guarantee,-0.014968470247932464,9
may,-0.014903897182856687,99
irl,-0.014881009498779785,7
work,-0.014861577179600263,183
hoping,-0.014829663267911757,24
carrying,-0.014816894256474663,6
sun,-0.0147262025222184,13
react,-0.014679721044159355,7
enjoying,-0.014518607069189587,9
we,-0.014441999028281464,375
accept,-0.014439131642651587,20
inspired,-0.014396802126508875,5
account,-0.014212572770817498,36
destroyed,-0.014107707101611251,10
much,-0.01405307191322936,291
offering,-0.01404862817183975,6
smash,-0.014040411446624977,8
bubble,-0.013975940724199238,5
hear,-0.013836587698677407,52
flight,-0.013801285778400682,7
imagine,-0.013740707533489103,58
back,-0.013731235143148843,217
close,-0.013567777684993315,62
free,-0.013514830774823346,83
use,-0.013462207289413152,185
rest,-0.013435641968061265,52
there,-0.013428865432133232,468
t,-0.013411469066570036,967
evening,-0.013313172785450874,5
its,-0.013284535302462623,163
lots,-0.013169114442440158,32
shits,-0.01300581413198357,5
friday,-0.012924608511880348,8
repeatedly,-0.012832789237359388,5
art,-0.012761694639990195,24
loose,-0.01273606835386947,8
complaints,-0.012666025178091858,5
feels,-0.012662502890700643,44
find,-0.012650297073348894,146
lived,-0.012534088920840725,16
whatever,-0.012449044238378797,63
bodies,-0.012394626949809976,8
missing,-0.012346831644449767,27
prove,-0.012344190650036222,16
knee,-0.012341230838488624,5
ahead,-0.012325438478190641,20
until,-0.012261601129285449,106
check,-0.012231336943307391,62
comparison,-0.012177793704453738,13
better,-0.012090516277308887,213
motion,-0.01201791878160252,5
dont,-0.011961668040103441,66
together,-0.011942688817635553,52
king,-0.011703134618009687,22
-,-0.011683713767278236,980
private,-0.011593872474470603,18
attached,-0.011586169286892725,7
why,-0.01118656801749991,287
lift,-0.011010803758342486,6
whenever,-0.010952670623443442,20
whole,-0.010830395344608185,99
clever,-0.010814403534905034,5
f,-0.010813684081964613,32
legit,-0.010596740606177572,16
obsessed,-0.010282641881557805,5
finish,-0.010270301414669511,22
whats,-0.01016332953454248,10
hopefully,-0.010097601017358428,32
fed,-0.01007211917052949,7
sudden,-0.010035845047252008,6
base,-0.009960619203312454,30
say,-0.009876557491969752,232
co,-0.009839205225904075,11
meh,-0.00976321464964901,8
bring,-0.00974403042323301,46
maybe,-0.009741705436659176,172
enjoyed,-0.009510152490215463,14
pretty,-0.009455382390515651,199
blows,-0.009232197004732672,5
fyi,-0.009174042907280218,5
smell,-0.009172206096461667,10
just,-0.00915294120570154,752
myself,-0.009012994620639704,77
deserve,-0.008960802066113103,22
receive,-0.00880410111953866,10
then,-0.008659143280750268,340
swear,-0.008630222273380702,11
know,-0.008593623248665149,380
plug,-0.008546089901506591,6
really,-0.008545117539723998,364
cut,-0.008534530321107382,45
congrats,-0.008521285409816105,16
instant,-0.008516492653678648,8
as,-0.008353514060531239,584
seriously,-0.008191429166814613,47
gained,-0.008182028734703035,6
messages,-0.008167592498838774,7
_,-0.008166390162277137,29
r,-0.008117129860191856,132
rough,-0.008058465936437147,12
belt,-0.00802686551632936,7
entertaining,-0.008006912481343971,6
pick,-0.007843424931643108,45
tree,-0.007671700961087772,13
halfway,-0.007624632140642305,5
agreed,-0.00756153691083256,24
toronto,-0.007508487510273518,5
shots,-0.007494618574122554,14
beer,-0.0074682598965597185,11
brilliant,-0.007185855349496343,7
fitting,-0.007173643558722705,5
q,-0.007147219130078233,5
un,-0.007020823344881689,6
dump,-0.006835290940899291,7
care,-0.006806275242942936,91
go,-0.00673144097231789,297
tap,-0.0067022094280841564,7
little,-0.006683411718484803,144
stop,-0.006679704480676863,102
deleted,-0.0065320549030330665,11
la,-0.006453167937617109,12
painful,-0.006123891432613493,8
ve,-0.006029439982068986,331
teeth,-0.00599719960651995,9
hit,-0.0059040861460775565,76
uk,-0.00583237872103816,18
no,-0.005778511922074365,488
junk,-0.005762746703524035,5
served,-0.005749510252631886,6
loved,-0.0057239341838296615,32
tone,-0.005676472213592092,9
g,-0.005574850781239465,22
spring,-0.005557807564299965,7
surely,-0.0054861573890635645,12
j,-0.005467034167442525,7
checks,-0.005275229500265796,11
sent,-0.005255432944984077,22
touch,-0.005192119662431828,22
approved,-0.005060877071090151,5
perfectly,-0.004992742035994089,25
worker,-0.004966933827805622,6
force,-0.00486745033404325,35
catch,-0.004851154365196733,23
daily,-0.004758671162054293,24
busy,-0.004697601672811268,13
destroying,-0.00468469508262604,6
thumb,-0.004548230309483928,5
fingers,-0.0044435618676155865,11
attractive,-0.004425662389263904,10
sub,-0.00432473611802224,71
tbh,-0.004200067238347618,33
l,-0.004190187791534736,16
spread,-0.004102829105052976,15
now,-0.004025964727641143,353
slow,-0.0039909356823656945,31
eat,-0.0039640373473133214,50
rocket,-0.003932987257438824,8
florida,-0.0038829557678761195,7
sleep,-0.0038811612473844373,27
secret,-0.003762610589390349,14
where,-0.003750291688130524,255
feeling,-0.0034110511703248176,48
settle,-0.00322037122310485,6
out,-0.0031703935706771393,521
feeding,-0.003148508540954057,6
reddit,-0.003087250565017806,70
one,-0.0030402314912420132,561
tf,-0.0029941971017409517,6
biggest,-0.0029055058444174336,31
truly,-0.0028839567920144384,32
husband,-0.0027443066402777455,19
full,-0.0027409337950240445,94
~,-0.0027132343769594464,34
eyes,-0.0026541718603555154,36
the,-0.0026338539886136747,2041
some,-0.0022996083765388932,426
compare,-0.0022140179087368666,17
gonna,-0.002201446206491485,98
near,-0.0021775687436501956,43
sweat,-0.002112760077795322,5
idk,-0.0020263705654665993,38
young,-0.0019101635758611171,41
sounds,-0.0018906471623737974,91
smaller,-0.0016682374245045484,23
controller,-0.0016091569799397579,9
next,-0.0015974422570979297,127
under,-0.0014889488831735123,78
coffee,-0.0014611655545647272,14
reach,-0.0013971429157294834,26
plenty,-0.0013793278331620464,35
ripped,-0.00115504670483818,5
places,-0.0010830671474131148,32
toys,-0.0007484456167939074,5
shall,-0.0007373704707205722,8
test,-0.0006341265477217921,29
everywhere,-0.0006180076768692714,22
totally,-0.0005565110006067643,57
posted,-0.0004385533868033345,41
best,-0.00042701452500546085,194
sword,-0.0004237585694764692,14
way,-0.000348369754691687,331
tell,-0.000282414337917448,131
cure,8.270319692763517e-05,5
queue,0.00014318140943633115,5
sorts,0.00015355809581826896,8
likes,0.00019695807918551975,24
command,0.00028624845217103945,7
soda,0.00029467428322281513,5
asian,0.0002948732068963223,9
tonight,0.00036905293266116713,16
men,0.000369054675068114,52
sorry,0.00043699679012113853,106
throne,0.0005815094391444908,5
title,0.0007473087413153347,33
if,0.0007622848992390262,798
tower,0.0007976311839181995,8
quite,0.0009432660696146573,77
wonder,0.0011693169685586058,46
breath,0.0013881657253533202,10
afterwards,0.001392756509376031,10
headed,0.0013981675428076734,5
around,0.0014833698168028938,194
bang,0.0015006637038917742,7
think,0.0015060302665363947,483
jack,0.002028982337442739,12
hurts,0.0023563145840742607,14
lmao,0.0023880318021166583,56
real,0.002466570921900072,144
twitch,0.002568089700588922,7
ny,0.0030193684802596894,5
average,0.003077486838430142,39
sitting,0.0030984581606457048,27
willing,0.003122516966847822,33
ideal,0.0031928834597845387,11
of,0.0032300961475732544,1461
dunno,0.003249291261813424,13
males,0.0032523817542776637,5
am,0.0035092184637380273,193
afternoon,0.003601495724930061,5
asleep,0.0036265091006269,7
vegas,0.0036522130960031677,5
bottom,0.0037121281521823855,32
watching,0.0037523929301364754,56
sneak,0.0037537911300963346,5
resist,0.004143403735975445,5
helping,0.0041696572640592235,20
introduce,0.004244921240713889,6
talented,0.004484694372891681,6
fantasy,0.004511450891723467,14
cannon,0.004587455155573282,5
missed,0.004701330727498587,32
rock,0.004775721272677936,21
image,0.004801276222557118,26
pulled,0.004934107699452129,20
wearing,0.004958823346597942,25
are,0.004990364917064485,865
ok,0.005078892540284723,98
recognize,0.0051602863542032605,12
permission,0.005166515381837535,6
uh,0.0052393551286783555,14
okay,0.005301947036700327,70
destruction,0.005310308556893528,6
should,0.005323337266688844,319
outta,0.005382347733607749,6
joy,0.005482076303903156,9
ask,0.005487366551004747,87
spare,0.005605523125424902,8
get,0.005690328422854017,629
shit,0.005714946412318717,226
hooked,0.005716242064240264,5
ain,0.005718865009487466,21
rip,0.005763981493815942,20
user,0.00588653788960409,55
always,0.0059873823308098295,228
sized,0.0060046324096297895,8
whoever,0.0061125652209549275,14
anywhere,0.0061158048234136375,31
third,0.006148047152990089,34
ruin,0.006434045590253854,15
serving,0.006441848688196817,6
got,0.006453553350559471,346
australian,0.0064983145739580354,5
opens,0.006671004863459618,6
upvotes,0.006734955588430877,12
grateful,0.006921723273937321,6
adorable,0.006952459412909847,8
action,0.00695416097330744,33
make,0.007013826361598347,379
fucked,0.007032890536028938,41
careful,0.007054049281504157,16
reactions,0.007095022305103466,6
stole,0.007112544845016437,8
rude,0.007219032822742083,14
for,0.007242264752722745,1267
huh,0.0072512440966757165,20
bottle,0.007268302476267812,12
conscious,0.007464083347636301,6
up,0.007470156125696218,597
split,0.007491001279512532,18
bot,0.0075569125478750976,18
sex,0.007579811870989155,49
pair,0.007653525589517759,14
hood,0.007817541002370691,5
heat,0.00791300185934243,17
couch,0.007923708516762594,6
meal,0.007963573382519493,11
every,0.008005152542745312,241
cow,0.008032916203955824,6
burst,0.008049736835920985,6
honor,0.008060516773055448,8
strip,0.008133917993434728,6
sign,0.008195842229850965,35
bedroom,0.008561031561051681,6
piss,0.008589753171433213,13
noticeable,0.008607751752450125,6
boston,0.00876028240671828,7
glasses,0.008950219033701782,8
curious,0.008990682566811374,31
nsfw,0.009193012875101547,6
handy,0.009231195265145011,5
hope,0.009353290596714402,146
bone,0.009387389039540424,8
fully,0.009502331718027963,37
growing,0.00957921501642019,24
bay,0.009784981703396138,7
eight,0.010102719413353334,5
off,0.010192923480580122,295
coat,0.010467871137867306,5
showing,0.01046883176100438,32
crap,0.010572004063655481,26
needing,0.010595101924217474,10
invite,0.010639543247418563,8
ca,0.01068648853402855,6
right,0.010841150119527538,367
hotel,0.010911588114337265,8
seen,0.01105130817623743,146
heck,0.011057198237968932,11
twice,0.011198434981563742,36
ye,0.011205675394367853,5
freaking,0.011234289444671027,11
certainly,0.011311529733904464,42
cunt,0.011350770798053508,9
ive,0.01136620338343394,20
tuesday,0.01143767673704644,6
play,0.011556709980441643,191
scared,0.011571322258756681,22
well,0.011630452750692284,389
x,0.011734882950987296,45
interested,0.011738055783915473,47
candy,0.011835186493698259,7
more,0.012004529633490111,588
winner,0.012037258496527918,9
pull,0.012091859204221239,44
is,0.012198690667192008,1671
have,0.01220305890072638,1057
spot,0.012226663509815291,39
bros,0.01225840402914568,6
pity,0.012272089954693645,5
clock,0.01231115492155908,9
nonetheless,0.012375019778836783,5
watch,0.01252258612525141,107
spots,0.01269449401871467,11
aw,0.012717489290680162,7
v,0.013001913792320411,19
must,0.013003332737613742,96
toilet,0.013015904377237897,9
arms,0.01313967922434166,19
fellow,0.013149881060524374,16
loves,0.013195939005667423,21
satisfied,0.013207150281916753,6
seeing,0.013470055697116347,78
bloody,0.013524377335302724,8
delete,0.013596936731325839,17
male,0.013605968139610038,30
floor,0.013619947669298296,22
waste,0.013691603676396541,33
nerd,0.01402122442196387,5
digging,0.01409746751116226,6
luke,0.01409746751116226,6
grab,0.014118302596579674,20
room,0.014273091047684159,59
juice,0.014302812725851386,8
slave,0.01443189799303325,7
keep,0.01491517241290884,204
^,0.014996501070525385,30
neighbors,0.015103016884706232,6
what,0.01511196426749968,850
popping,0.01512255522675166,5
wouldn,0.015313951149568933,156
hurt,0.015347344994396208,50
longest,0.01538138486833811,6
log,0.015467265961989213,12
guy,0.015639392831104312,196
polite,0.015859841388970692,6
gift,0.015990264550125824,15
combination,0.016022464782415233,12
dreams,0.01657604993444881,10
walk,0.01658447785913841,45
ing,0.016735744140604785,6
ever,0.016774556664341224,211
grow,0.01690997858232848,38
skull,0.017123193954134336,7
hammer,0.01714479302592613,10
clothes,0.017157528777804316,18
course,0.01716338007991465,98
lit,0.01717890236126,7
wear,0.01725026709348878,38
feet,0.017304627753266424,27
mon,0.017395797854923338,6
put,0.01740254893151216,209
",",0.017421340816285935,2234
and,0.01760704338803398,1976
tension,0.017711417886261342,5
repost,0.017761140391966957,13
gotta,0.01794241819233152,55
send,0.018095605213034445,48
females,0.018155006788508392,6
bastard,0.01824823936103529,7
miracle,0.01831946382952505,5
visible,0.018358902765513992,10
explore,0.018401344866130605,9
italian,0.01856390772427688,7
filled,0.018662863579557255,19
cleaning,0.018791587269381203,11
lets,0.018815394646259684,29
appreciated,0.018848993611816106,12
shot,0.018901004045459732,67
in,0.01890126335993585,1628
shaped,0.019094670603688503,6
shake,0.019174132936814754,9
date,0.019217925141291288,42
badly,0.019324326568953824,17
sigh,0.019392343943904815,7
fiance,0.019426580267312112,5
here,0.019462272416113147,369
master,0.01957231590129733,24
scream,0.019685953897767002,9
oof,0.019767794301449457,16
pink,0.01981718265314956,12
be,0.0198195775348911,1139
all,0.019830332746827984,809
ram,0.019875974064147272,13
combo,0.01997484810274958,17
proud,0.019989587099036803,28
unbelievable,0.020066892722946945,5
relief,0.020201745855445815,7
lunch,0.020558135527030643,14
super,0.02057117441069909,115
mans,0.020657964678311234,5
with,0.02068914267099131,1161
flex,0.021136934269326127,8
those,0.021309040628180995,337
celebrate,0.021327618140591368,8
closer,0.02155852440099587,29
thru,0.022006827009168534,7
favourite,0.022047086035612354,17
oops,0.02206303120465311,7
tie,0.022109924308529712,11
:,0.02220756758411442,568
over,0.02221388506503678,343
day,0.022398950713184256,284
spray,0.02259196356991288,9
both,0.022651252457477563,221
excitement,0.02279241944548971,5
camera,0.02286587893204215,28
til,0.022873604697410423,18
fake,0.02303099482501651,47
skin,0.023476464064360606,46
excellent,0.023588253230796316,22
yay,0.023718668562107543,10
drink,0.02372971000846073,39
incredibly,0.024107376787249092,35
lil,0.024147698975467997,10
tho,0.02417168024812645,67
hm,0.024306635978781698,5
mind,0.024382226353986843,138
on,0.02439875409082338,1309
praise,0.024448254882696027,10
night,0.024460624563254523,97
muscle,0.0246342859263082,13
waiting,0.02504498045488807,58
flood,0.025062835183583553,5
rail,0.025200221707587258,5
cage,0.025262118881225377,6
@,0.025537238208067373,19
organs,0.025656096201382803,5
sc,0.025746345654461916,5
piece,0.025779699474987487,57
asshole,0.025793660859353005,35
show,0.02591121870338236,167
|,0.025980209092901677,8
',0.02603353404190086,1961
leak,0.02634976798754711,7
texas,0.02640077799533803,14
mama,0.026410485004384938,5
prefer,0.026552583640280247,50
approve,0.02657823013166903,7
baseball,0.026599169458331143,12
shiny,0.026671317808267998,11
breathe,0.026674977928804192,7
prob,0.026766791174595857,7
stick,0.02677493942467939,50
jam,0.026866121594830997,6
generous,0.026945757399933115,7
lean,0.027075689823034845,10
wtf,0.027154241795262643,47
blowing,0.027212769607205325,11
yeah,0.02721661797978137,336
thing,0.02747422959504443,390
like,0.02764174811261752,1190
ðŸ™„,0.02775060334838833,7
ngl,0.027763811619340377,5
girlfriend,0.027853961529370076,25
s,0.027928813111875145,1799
yo,0.028170671162890046,23
open,0.028180199508640716,108
meet,0.028292578400669396,41
deserves,0.02835640117465662,24
fits,0.028382848169229112,21
video,0.028519276460231027,128
visit,0.028657533737447997,23
re,0.02867704526032128,656
assistance,0.028684393014764806,6
fetish,0.02874585484706222,6
boys,0.02888875045402698,35
rings,0.028973411493628077,10
contain,0.029010169213176933,8
mess,0.029218232812960113,33
sunday,0.02926272102153291,15
prize,0.029327011184480258,6
appreciate,0.02932830299267498,56
enjoy,0.02942040689997773,96
attention,0.029535389183058567,58
honey,0.029546239030520522,9
front,0.02956167240400484,76
arm,0.029562383253374715,25
outstanding,0.029568021751181905,5
twins,0.029588694391575094,6
whore,0.029651185641042115,6
asap,0.029682433243905744,12
good,0.02990803898897739,657
come,0.030140412654284444,227
n,0.030190231063168683,41
pun,0.030211223057001704,7
slowly,0.030252947286022597,30
handful,0.03041969326850758,12
.,0.030465004139566508,3667
videos,0.03057057955062102,47
needs,0.030618710763870002,136
danny,0.030713563498047297,7
favorite,0.03078158315741752,75
brains,0.030942422624546728,9
yep,0.03094871463910045,50
offer,0.03125435861285856,47
mirror,0.031381852929988054,16
nope,0.03160161605689889,48
m,0.03163093080206902,887
hug,0.031776213846910734,10
session,0.031801198719854304,12
hang,0.031837908886749415,29
lmfao,0.031860740665273,12
sure,0.03190040826927754,408
mercy,0.03193377325699536,7
bb,0.03195592203746514,9
ha,0.032086124360001765,21
polish,0.032124792781511605,7
london,0.03219381246580876,11
how,0.032201112252497964,782
give,0.032270270411677265,278
alpha,0.03227985624991218,10
xd,0.03246683620582241,24
raw,0.03254656093382221,16
lady,0.03257235460116882,28
feel,0.03270110940698457,340
waist,0.0327159973004317,5
a,0.0327823489024765,2739
accepted,0.032840455758980855,19
bite,0.03286071109416336,14
nurse,0.03287267096980265,8
imagination,0.03307686756623443,6
hand,0.033104181332612115,112
beach,0.03328248608124255,14
dirty,0.03337577563006445,22
laundry,0.03340411763927673,6
vancouver,0.033480409317214396,5
toe,0.03364261749493151,7
happy,0.03391979013068789,153
explosion,0.03400358604956723,6
stolen,0.03400525238544814,14
so,0.03400796793189917,1246
yr,0.03405280723538528,5
vagina,0.034189180194159736,7
irish,0.034225914972237086,8
guessed,0.0342639466083108,5
destination,0.03426836765536516,6
fun,0.03438104669099598,182
whichever,0.03445926412772529,6
phenomenal,0.03500951186782322,5
sometime,0.03504653273429203,12
im,0.03535849261437546,110
such,0.035419670240887595,202
trail,0.03552594837501732,7
can,0.03568810455372411,1172
try,0.035754406369251396,296
monday,0.03603063588632158,14
shape,0.03611450036476884,28
touching,0.036117467087512845,12
surprise,0.03646308773960286,30
shame,0.03670934332978636,41
rope,0.03676101395307744,6
roast,0.036946565556674964,6
beef,0.037058593879633575,11
lover,0.03706101421326051,5
guys,0.03718179500460602,164
pillow,0.03769026116951278,5
do,0.0378259841170266,1000
boyfriend,0.037857122712104306,25
share,0.03800563149957492,64
look,0.03809583279894725,379
bat,0.038122226927005703,15
bum,0.03819549731992188,5
banana,0.03830264985327019,8
service,0.038308834278175295,56
weapon,0.03844724280967148,43
assure,0.03857926368149522,6
tumblr,0.03861610752205184,6
too,0.03863704754950984,597
kidding,0.03871851145916959,16
heh,0.03873748468490675,7
dominate,0.0387489520657864,6
insecure,0.03877261507746173,10
posts,0.0388534070411976,68
ring,0.0389414182359781,27
everyday,0.03911094233792325,27
loving,0.03922111636942325,24
girls,0.03948459296359296,59
see,0.03956599477102528,618
to,0.03969395759466515,2835
mate,0.03986215265641489,41
impressed,0.04021816212359961,15
ol,0.04036168120108122,12
sore,0.04041457456531712,6
â€¦,0.04053991672433457,8
lad,0.04054566791867625,8
buddy,0.04070147448576039,38
cam,0.04082069348081576,9
),0.040900819639335693,892
pumped,0.04098129521144665,6
insanely,0.04099533135926709,13
hiding,0.041099741160661896,17
sideways,0.04115457479918789,5
snake,0.041417452549519174,13
picture,0.04145221114642542,87
hey,0.04157119973351064,115
swing,0.04158121120489608,19
kindly,0.04165615370016468,5
sink,0.041700617501487756,13
bored,0.04182990014230782,21
hunger,0.04192604154326654,7
pictures,0.04199000115646876,39
worthy,0.042050664642703094,17
laying,0.042348800480038994,11
heavy,0.042456559737084586,56
em,0.04260789549419954,39
thumbs,0.04273061224123518,5
towel,0.04282909717906242,6
urge,0.04294348127401138,8
pleased,0.043084542506184556,6
fav,0.043156602859998124,6
ouch,0.04319028383323428,8
it,0.0435750080133152,2775
giant,0.04360077942466295,35
join,0.043712741138405585,44
condom,0.04373654333176211,6
bf,0.04384504707717686,14
youre,0.04391437404142361,21
np,0.044094084187111235,7
gym,0.04471674557738868,29
girl,0.04485458873800569,111
underneath,0.044976125242317005,9
btw,0.045127042580578446,49
baby,0.04512849101113846,85
dallas,0.04523896269424147,6
dinner,0.04546298755615022,25
chicks,0.04568497745861111,5
dreaming,0.04571515251962868,5
post,0.045937102522178544,287
shine,0.04607943177758028,9
empty,0.04645572828831716,31
guest,0.046465399200809776,9
adore,0.04648527304782184,5
bisexual,0.04650568861209364,5
disappear,0.04677116558117407,11
chest,0.047096400930439646,27
bull,0.047102603264250476,13
rn,0.04715400418173041,20
yea,0.04733243556164767,57
bed,0.0474313818506125,50
leg,0.047503997381588704,28
o,0.04790246023526378,71
thats,0.04804943858313147,104
down,0.04806968176337172,417
need,0.04840477522712206,532
flawless,0.04841777041184385,5
could,0.04866010737206335,623
ya,0.048774994550129486,72
muscles,0.04886082407616558,10
hmm,0.04893411304753824,28
photos,0.04895408813864062,29
cheers,0.04897498695286485,21
shoot,0.04934434125133971,53
grip,0.04980482572466927,16
chocolate,0.05000585081996986,15
poke,0.05002690094041634,8
cream,0.05025919977407665,24
wouldnt,0.05026960291207171,21
satisfy,0.05027624220234313,6
nails,0.05043579848940629,10
measure,0.050612767968571094,20
protein,0.05063586319621164,13
waking,0.05075617625818945,10
rocking,0.05096538375637213,6
soap,0.05103955234040711,9
roommate,0.05117879955586847,8
oooh,0.05131790498239804,6
sweet,0.05131791954748794,61
seed,0.051331379588654205,12
bathroom,0.05144583831036198,21
wonderful,0.05148100775900001,30
sight,0.05167156561630941,21
long,0.051975801039981125,372
starving,0.05205696567375717,8
qualify,0.05206757788570438,13
hog,0.05211479680768913,6
er,0.05231705102910307,13
intact,0.05246954595836807,5
message,0.05247326574352369,59
yup,0.052486282875875534,49
ow,0.05286173736798357,7
tear,0.05303795999297751,18
boi,0.05309143212847,19
ll,0.05349691209208315,560
drop,0.053517706193721336,103
smile,0.05369160764578196,29
raises,0.05382231848232893,9
?,0.053838841476252314,2147
straight,0.05396834472274199,122
masculine,0.05414486537177996,6
handle,0.05426268417550225,61
fantastic,0.05427225853579717,45
slam,0.05449233788788251,11
pale,0.05462732802727461,6
chick,0.05469066226116706,13
knock,0.05472095640294947,23
mine,0.05499904098203979,137
gay,0.05516990717730331,74
submit,0.055384946029619214,10
intimidating,0.05541053237571949,5
stomach,0.05548026553331992,19
ðŸ˜¢,0.0555431617309743,5
que,0.05555494291774904,6
rubbing,0.05583734704093582,6
wood,0.05596198852772448,27
cheer,0.05599661920190146,8
flop,0.056009523715868294,6
take,0.056398041235466885,516
whip,0.05645474158218454,8
arse,0.05651910288732206,6
vitamin,0.056539585540763736,6
very,0.056754046937413184,578
bath,0.05699174111488334,9
serve,0.057199340813779434,28
username,0.05723418673239491,34
hella,0.05726121846871443,12
riding,0.057383077522546,21
bud,0.057384129539729906,29
workout,0.05749823969529055,13
unreal,0.05757271639165142,9
absolutely,0.05760109198445936,183
lol,0.057683682419614586,435
mighty,0.0577266448577417,8
ill,0.05775544102102421,44
ðŸ˜‚ðŸ˜‚ðŸ˜‚,0.057869960543350675,10
sweaty,0.05793887484905533,8
outline,0.058025917561733066,5
wrapped,0.0580400338556033,10
poking,0.05813980412168795,5
challenge,0.058222673350263356,45
imagining,0.058337324418639036,10
porn,0.05838894580272646,39
promise,0.058785911019307184,25
dudes,0.05904069881839026,32
heaven,0.05928420638063381,18
ðŸ˜”,0.05939952897429135,6
facial,0.05969198229800831,12
disappoint,0.05969476310753962,5
awesome,0.05971064673818455,153
semi,0.05976784412744393,28
bravo,0.05986522570289877,7
awake,0.059867457339022725,10
photo,0.06000649564625798,53
insist,0.06010258780608355,10
intrigued,0.06021881794811648,5
great,0.06030722220240862,472
shy,0.060339595921060814,12
lord,0.06046663492510512,44
crawl,0.0605691079636938,7
fantasies,0.06066830321733439,5
itch,0.060921127285284364,5
furry,0.060997074910662155,11
till,0.06107264556729313,54
bending,0.061266374587839324,6
wide,0.06137641591496387,41
spectacular,0.06164754571510095,6
tastes,0.061690658839091465,19
pump,0.06191500634775501,22
;,0.06206320754244763,728
ohio,0.062323605404264,9
looking,0.062355457206557816,313
posing,0.062394895693443954,5
bless,0.06262824554772319,18
glad,0.06294185231441847,134
hah,0.06295568609173195,10
tx,0.06326543821528385,5
orgasm,0.063293022260129,8
chin,0.0636646538464895,12
amen,0.0638932341388483,10
ohhh,0.06403539490710795,8
uber,0.06439925067695414,17
wife,0.06451785403356144,102
homo,0.06468674345508352,7
milk,0.06497180639284211,35
desk,0.06511587778240499,25
ugh,0.06512166020080763,32
syrup,0.06512188509674625,5
sucker,0.06515813486891846,9
indiana,0.06543236177342017,6
dear,0.06560986071089193,21
tool,0.06568137166228116,39
inbox,0.06573086808375309,5
butt,0.06595902243131858,29
that,0.0659810577666564,3241
genes,0.06604084797606183,8
hard,0.0661262371095711,387
virgin,0.06624745637932512,15
locker,0.06637430370517683,9
amazingly,0.06659059621376744,8
tame,0.06665188027159877,6
aus,0.06674651181578586,5
mf,0.06679110703962605,5
daniel,0.0668991865847431,7
m8,0.0669138228919229,8
squeeze,0.06693779070479684,11
freakin,0.0669549390368485,5
tall,0.06706051930973501,32
tighter,0.06711927017678057,5
chicago,0.06716390378349263,17
i,0.06733429195955606,4248
filling,0.06746961935671142,16
tempting,0.0676224272017872,6
hahaha,0.06781143597458418,40
belly,0.06807652904731697,13
pipe,0.06836693287553507,15
gigantic,0.06843615321440918,7
denver,0.06845738518069382,6
showers,0.06847013500314789,6
lookin,0.06848191364953801,9
stall,0.06852074253451504,8
lt,0.06854699048435935,72
masterpiece,0.06865130395156813,9
destroy,0.06867818969365923,46
measuring,0.06869263837851013,8
birthday,0.06878426796700744,41
tip,0.06900258051289405,49
messy,0.06906259489147223,12
sack,0.06920540711462614,9
tent,0.0693081844395702,8
wherever,0.06941812414944803,17
angles,0.06943415296322207,12
hanging,0.06960139957322972,34
dang,0.06960187550474034,22
hose,0.06972127103933824,6
lotion,0.06992925217300741,5
would,0.07007248248573006,1356
help,0.0700883698179463,375
comfy,0.07018554614400214,8
cheeks,0.0705997908932051,8
measurement,0.07062907601601694,6
relax,0.07066210470563111,22
def,0.07074215673015861,30
admire,0.07101651119228486,9
imgur,0.0710371132426387,8
blessed,0.07125172667865838,15
aye,0.07133603763952369,9
blessing,0.07139592768306624,12
qualifies,0.0714309592328707,6
hmmm,0.071525706746705,20
cuck,0.07176111189417889,7
bigger,0.07219480517167051,105
thrust,0.07228583736297725,6
geez,0.07229869945909803,8
piercing,0.07231399306811394,5
dry,0.0723776738826062,48
boxer,0.07247899142303459,5
stiff,0.07260125437497872,7
appreciation,0.07265342125172611,10
thanks,0.07265981336830954,510
socks,0.07289286970982739,13
cute,0.07290221274144223,83
dream,0.07297105049754884,61
swiss,0.07320422621848294,7
boy,0.07327358546856677,107
begging,0.0733339015387726,14
upload,0.07358435913306968,17
dimensions,0.07366982969933064,7
tan,0.07382998207496161,9
chat,0.07391536420617219,55
salute,0.07417439470901074,5
shirt,0.07426272342256139,46
reveal,0.07432821741497098,23
goodness,0.07450745142017884,15
want,0.07458749558996597,868
hefty,0.07474009236706872,5
definitely,0.0748097147157435,369
hell,0.0752845485332202,231
ðŸ‘,0.07543383723824547,5
â€™,0.07544731110901583,1863
nicely,0.07557096043062288,23
lay,0.07568783974624875,30
hands,0.07571007036957486,118
head,0.07599196309138473,234
ooh,0.07609783795360132,15
slip,0.07631780080292443,18
located,0.0763460312084778,15
my,0.07652055919637794,2088
um,0.0766333054529696,23
man,0.07667453722345552,533
slapped,0.07674609355256262,10
breeding,0.07697559185280155,10
chatting,0.07698328320610297,8
hop,0.07724031907684246,24
oral,0.07728619464634527,9
ooooh,0.07731661631674142,5
entertained,0.07741621787476352,6
noooo,0.0777886442111927,5
artistic,0.07790191788947945,8
bent,0.07791638727951149,14
entertain,0.07798104895648485,8
umm,0.07800141545619292,12
sooooo,0.07806520274965004,10
leaking,0.0781244642212056,9
cowboy,0.07845726698729932,9
lap,0.07888131552946748,14
wiggle,0.0790019038850724,6
feed,0.07914162799280998,54
pits,0.07934251891754278,5
pose,0.07940500523029903,16
your,0.07954148650200664,1663
jeez,0.07955346879381806,14
marry,0.07968497231275345,24
panties,0.07973558731545102,7
sheesh,0.07985163783272502,5
cheeky,0.07987058668946731,5
sharing,0.07988579260854708,69
clean,0.08003551728962502,105
ðŸ¤·â™‚,0.08019350138374971,9
pornhub,0.08026025436023342,7
gentle,0.08036710050022285,13
thank,0.08054376263381718,418
lighting,0.08054802446898818,26
sucked,0.08057041539222476,31
you,0.08065301731130145,3696
helicopter,0.0806679851512384,10
package,0.08073074981999573,31
hair,0.0808909794310272,99
horse,0.08096341187008464,48
bout,0.08113384294054514,19
loads,0.08137411176975391,28
curves,0.08166509570323681,6
yeh,0.08182180399031021,8
behold,0.08185109190008658,7
shower,0.08200782474039546,35
teasing,0.08218747181237036,6
tattoo,0.0824141129611296,20
ready,0.08259856910582011,123
distracted,0.08267603103658606,13
nuts,0.08312993538826825,42
ropes,0.08327338141922634,5
destroyer,0.08341774278459207,7
envy,0.08354608018300563,11
neighbor,0.08356355730852787,19
hi,0.08364179826872803,70
crotch,0.0838022396312623,6
indeed,0.08394212928905366,74
ty,0.08396602480598846,21
nut,0.08399897497207336,22
nooo,0.08412794197510987,5
pleasing,0.08416233044015123,8
wake,0.08421718010174634,52
snack,0.08447254197135576,14
size,0.08448695560008926,130
chubby,0.0845165464258099,6
fatty,0.08492896694106192,6
youd,0.08503038675890755,7
reposting,0.0850878331309606,9
ohh,0.08528595895346833,13
arrange,0.08536191800560235,6
posting,0.0854645008523097,93
aesthetically,0.08554088046047498,5
goddamn,0.08561222603540905,36
let,0.0859386936953971,543
ðŸ˜‚ðŸ˜‚,0.08596611844041521,18
blow,0.08597558393261055,60
pussies,0.08648621184395536,6
trim,0.08664126973915917,13
drown,0.08666513410102444,10
fuzzy,0.08704423683846449,8
measured,0.08726226448868907,13
p,0.08742446383159151,107
face,0.08765091252723249,258
lucky,0.08778861988103678,117
swinging,0.08780082136836201,15
smooth,0.08785137712409632,39
aussie,0.08805278499484294,8
dessert,0.08810797091406893,7
breathtaking,0.0882050702198592,14
nyc,0.08838974589019276,22
ðŸ™‚,0.08881800424371047,8
bust,0.08895721713269865,18
booty,0.0890295706863873,9
hangs,0.08909923352295226,7
ðŸ˜’,0.08919909024698527,5
u,0.08923836230682886,301
glorious,0.08934984194520734,22
profile,0.08938823080810174,57
morning,0.08940222568025012,103
craving,0.0894346029017692,9
pumping,0.08953455345354343,11
fucker,0.08981151978185838,18
stares,0.08987927479868305,5
me,0.09026877758176431,1939
hahah,0.09032134445337289,14
compliment,0.09046325368672181,20
staring,0.09069084751759653,21
fwb,0.09093917405767404,5
nj,0.09105476413827658,7
wreck,0.09111706606495903,18
ooo,0.0914676242854278,7
hmmmm,0.0921093103105673,9
cleanup,0.0921391511075185,5
fucking,0.09215174566102702,477
wrecking,0.09258371965471707,6
breakfast,0.09270591477769566,30
latino,0.09280949340826254,5
climb,0.09296152475832274,26
massage,0.09306333719496773,8
awe,0.09330157357029621,12
je,0.09356150717507164,5
welcomed,0.09376960867213904,7
pov,0.09381336077865424,12
dude,0.09389847401156072,359
foreplay,0.09400302058297559,5
arab,0.09426481434464769,8
haha,0.09439590455577956,225
ðŸ¤£,0.09440103968589891,21
oh,0.09443253289939436,581
mushroom,0.09466553591042774,11
aww,0.0947239320610002,25
enormous,0.09536398840362889,16
jacking,0.09542547704133124,5
nudes,0.09552898881443384,11
ruler,0.09600270815506444,10
naked,0.09606794958283654,35
nipples,0.09628117881744896,9
buried,0.0963835306694108,20
moaning,0.09651385877906461,6
toy,0.09652234527606822,30
penetrate,0.09664203205275484,6
sweats,0.09691245304017256,5
reflex,0.09696379091018997,6
xxx,0.09722528864015621,5
volunteers,0.09722981520519444,7
fur,0.09725578055568018,15
hide,0.09736461064032315,72
beefy,0.09740861750862827,5
christ,0.09747686743658818,66
pole,0.09750693411775761,18
hips,0.09753159077569712,12
ðŸ˜¬,0.09753898491333397,10
darling,0.09759129928692375,6
tasting,0.09759925111406077,7
view,0.09778881842598605,139
catfish,0.09809506139130421,5
trunk,0.09816530665285272,9
juan,0.09822807729142245,5
messaged,0.09823265997505778,10
stare,0.09840677825955291,18
gosh,0.09859689939714225,18
pls,0.09873291638161447,42
choking,0.09874465621108797,9
soo,0.09911578542359586,17
squeezing,0.09935855412447525,5
aha,0.09950332617199872,11
ðŸ¤”,0.09977018390343925,33
wank,0.10033619891885197,6
penises,0.10058899638939216,7
pittsburgh,0.10059666327074486,5
jealous,0.10064570260059717,44
godly,0.10072616228490248,7
majestic,0.10091142724382363,6
msg,0.10091142724382363,6
looks,0.10106071898962073,649
rod,0.10131736645300338,17
shorts,0.10136138010221973,24
welcome,0.10290985625708528,127
du,0.10349896103946991,9
hubby,0.10356573437386903,6
ðŸ˜‚,0.10364194815768833,127
bet,0.10408187862255469,174
heartbeat,0.10448151024088366,15
fit,0.10449410405215402,193
gf,0.10451627010266579,53
sliding,0.10482268079784308,15
hungry,0.1049546188316911,46
downward,0.10548078034699851,10
tits,0.10563811654521006,27
gimme,0.10582951677516189,15
ðŸ˜Ž,0.10588520989071361,18
tummy,0.10592319335906732,6
tattoos,0.10593322076909206,18
headless,0.10600814193710606,5
shaving,0.10619536409900605,9
physique,0.10653593690020045,7
god,0.10656435002921487,409
beautifully,0.10663921640747913,13
ðŸ˜,0.10666364763274092,6
jerk,0.10688101696246272,45
smack,0.10713076079989826,15
wrap,0.1076948549499508,35
sweetie,0.10795846185421633,8
xx,0.10799293908297546,10
gabriel,0.10817411028271914,5
jerking,0.10852864353436652,13
kiss,0.10874466333344622,36
beard,0.10897019749616535,27
thirsty,0.10906292049327747,15
legs,0.10930835038166305,88
cutie,0.10941554865351254,9
swallowed,0.10960798106812836,7
understatement,0.10983909168501779,7
thx,0.10999828769312493,35
d,0.11012239134991354,1193
ðŸ‘ðŸ»,0.11013986049389289,8
incredible,0.1101515412845927,92
fuckin,0.11016156128727192,73
doggy,0.11033203776101448,6
warm,0.11038536208533631,56
ladies,0.11059130109109587,36
woah,0.1108374574602136,33
jaw,0.11099106341212144,21
envious,0.1112465532794963,7
anal,0.11125246467498456,19
dong,0.11126559557238896,14
caption,0.1113113655833076,14
pants,0.11196000383660948,70
guts,0.11222743459271857,17
fucken,0.11237731475983195,6
belongs,0.11292936060488715,34
nude,0.11332005963086948,12
lust,0.11334882398386202,10
snap,0.11368035977096462,51
smacking,0.11416397004837618,5
pas,0.11438377564178266,6
honored,0.11438438980402205,8
zipper,0.11459518822919411,5
thicc,0.11464756297492092,25
fill,0.11466285725524034,102
gif,0.11467338192575108,37
dm,0.11470132166973439,67
dms,0.11475572584786577,14
missionary,0.11482991749829213,6
ohhhh,0.11490920257469701,11
explode,0.11496409133295399,25
buns,0.11503937412180788,6
jesse,0.11513519644355966,7
hello,0.11516565798304491,78
âœŒ,0.1151755614968593,5
ðŸ˜„,0.11528812999550829,11
dildo,0.11542385448676368,12
pmed,0.1156885618871883,5
fuk,0.11591580626977496,6
ðŸ˜­,0.11595367688166285,31
smirk,0.11598391057949514,5
jesus,0.11614180868459495,162
spit,0.11621366834311353,25
ummm,0.11625559192435926,13
gah,0.1163181225138151,5
bouncing,0.11638366110029191,14
jeans,0.11663416743120796,24
arranged,0.11675108252044963,10
ðŸ˜€,0.11681357537270541,11
knob,0.11683614510170436,9
moly,0.11706831430322433,5
bounce,0.11708728067469067,32
fat,0.11725306204039389,148
meat,0.11796392277477658,111
sniff,0.1179694328271532,10
holes,0.11831409538720865,62
belong,0.11836661524789474,49
â™¥,0.11870028675897443,9
packing,0.11872763573704738,15
soooo,0.11884550544080709,33
penis,0.11925860716433252,57
sloppy,0.11927515654867149,17
ðŸ’œ,0.11948559874685898,7
relieve,0.11991504973841756,8
ðŸ‘,0.12000439940774567,38
photoshop,0.12020234650319488,32
lmk,0.12043229578332845,7
tickle,0.12086254086220449,5
!,0.12158011414210379,3107
viking,0.12173047147456821,8
jizz,0.12194135691527201,7
sit,0.12200702428201803,177
devour,0.1224666079004234,5
id,0.12271564965280474,122
sooo,0.12282223917256045,38
hump,0.12288974879467243,8
licks,0.12330809018046444,5
ðŸ‘ðŸ¼,0.12348650864634611,6
length,0.12360603117647802,69
rub,0.1239507821887564,29
manly,0.12395773403506921,12
ass,0.12467921238892903,381
prettiest,0.12472589492102705,5
moan,0.12505429908538146,11
inside,0.12511065426660756,229
ur,0.12544122183242828,89
verify,0.12608772967718357,30
cuddle,0.12717755970020314,13
lube,0.12730316917187873,19
skinny,0.12747284459858962,40
bury,0.12794837702504533,18
trimmed,0.12824308871726428,9
forearm,0.12826115802640323,8
measurements,0.12840981842650537,17
drain,0.1288132626838986,45
slut,0.12906377460701676,20
bro,0.1290903760844218,228
senseless,0.12982823368134772,6
petite,0.1300117212827334,7
clothed,0.1300760940699552,5
vid,0.13025030011945907,33
big,0.13052772751252897,856
erection,0.13096871277812158,11
lend,0.1309746212607371,17
happily,0.13107370008036912,47
milking,0.1313180672434056,9
dripping,0.1313703468886299,9
seat,0.1314448296717728,82
wish,0.13189115296603393,462
body,0.13215028576685714,375
lemme,0.13218390982450512,26
circumcised,0.13218538456895476,10
amazing,0.1322336041632163,480
ðŸ’¯,0.13229327381230663,9
beauty,0.13244258394039654,71
thicker,0.13248600257246207,22
ðŸ¤·ðŸ»â™‚,0.13258063929134545,12
bi,0.1326499834697389,46
yours,0.1327372915773908,167
af,0.13286646045083925,119
ðŸ™,0.13296923882720108,15
dibs,0.1338258459741092,6
tanning,0.13385926966352288,5
licked,0.1339625001642432,5
whoa,0.1345900434169372,36
heavenly,0.13480744383486387,8
yes,0.13519313711772085,1109
hehehe,0.13538148368932426,7
ðŸ˜ƒ,0.13583340135957936,9
ðŸ˜†,0.13588970240706646,18
torso,0.1359821342599326,15
flattered,0.13619865093914363,7
soft,0.13645984510096243,99
plow,0.13655986285379138,6
licking,0.1367400275259328,15
naughty,0.13687588959745042,13
ðŸ™Œ,0.1370281574872381,7
lovely,0.13722987289633692,77
blowjobs,0.13723155590414235,6
commando,0.1372617000986246,8
angle,0.13756831325209556,88
underwear,0.13782677193866025,27
beast,0.1378505427859343,86
plz,0.13786314703887145,38
bj,0.13795547370297842,11
uc,0.13806361057863809,7
hun,0.13853355503489456,16
drip,0.1389855695526735,14
huge,0.1390839462778033,451
stunning,0.1395287450096497,44
ðŸ‘‹,0.13962247005473144,5
asf,0.13966304953883948,11
sausage,0.13966461204265487,23
stretched,0.13996137774313808,21
breed,0.1402211181776141,41
dicked,0.14052836648123437,6
beg,0.1407133687036469,30
ðŸ™ƒ,0.14149263258900296,15
shopped,0.1417465634810405,10
creamy,0.14212586118042003,9
hole,0.14213142926641015,160
pornstar,0.14232875665962283,5
thrusts,0.14263126962400913,5
boner,0.142923646202552,27
stroke,0.14308088994053844,40
photoshopped,0.1431084469708525,25
goddam,0.14312634117998074,6
slide,0.1431281613507795,67
pounded,0.14342583692412825,5
ðŸ˜…,0.14351702502738212,43
pubic,0.1435294780148146,6
pm,0.14379257296869435,153
slap,0.1438287571310587,64
prostate,0.1439968127038749,9
edging,0.1441069485135091,8
tripod,0.144107427983286,5
wet,0.1441631155212408,92
smokin,0.14448286745847286,5
snapchat,0.14471480093840655,30
snuggle,0.1447571044185572,6
suffocate,0.14548620768024187,6
ðŸ’–,0.1455911665107603,6
sauna,0.14601303592759712,6
ðŸ¤¯,0.14613967746043652,7
fck,0.14614066452742602,5
lovin,0.1464002940066352,5
clit,0.14648163720069682,11
dreamy,0.1465958395507056,5
fuck,0.14669194952392026,1042
deep,0.14704558087950348,249
drained,0.14727436414817005,17
stretch,0.1475039974488559,97
admiring,0.14817282788100578,6
taint,0.14914872207778787,9
swollen,0.14943734426700478,9
ðŸ¤—,0.14950425435742937,12
ummmm,0.1496436872713973,8
tease,0.14999002864249925,21
pound,0.15040444953256177,51
sweatpants,0.15066343855263248,5
bush,0.15099014247551462,52
vids,0.15105882217475802,28
stretching,0.15107430739778516,26
moans,0.15130092631659461,5
load,0.15132582023185548,161
hotness,0.15144361931029846,5
servicing,0.15200244044912378,7
â¤â¤,0.15205235859214175,7
wifes,0.15216280223381534,5
thighs,0.15236486446225933,29
ðŸ‘ŒðŸ¼,0.15245318204773722,5
impressive,0.1528446678162285,130
saggy,0.15289170413932385,5
bbc,0.152985578465311,32
dam,0.15310600884143769,30
specimen,0.1538020997485143,8
curved,0.1539953665913939,19
humongous,0.15400386560626558,5
sissy,0.15407883145594564,5
mm,0.15412401562891107,48
ðŸ˜¶,0.15415390164226292,5
joystick,0.15510123866929376,11
yessssss,0.15529267554151177,5
verified,0.15562141072121857,28
â¤â¤â¤,0.1563066387872345,8
shove,0.1563579325490356,48
slapping,0.15705685164294694,22
ginger,0.15719398821428965,26
inch,0.1577811109975857,76
wanna,0.15803968887730913,349
nice,0.15819958234793638,1139
taste,0.15846261357924307,206
tight,0.15873672159176777,118
slab,0.1588245294910267,12
impaled,0.15910725458603675,5
vein,0.1593843283177782,25
hotter,0.15945932961483247,31
ðŸ‘ðŸ‘,0.15993708511010185,5
â¤,0.16037640498067704,75
ðŸ‘Œ,0.16048926879120853,37
shave,0.16124171885359115,39
hawt,0.16189558307633636,5
gifs,0.16198433202313692,18
lubed,0.16222822094030878,7
jeeze,0.1622435708650647,5
ughhh,0.16244823678307835,6
perfect,0.16262916340524902,503
please,0.16269322316636461,812
fukin,0.16303485038844487,5
blowjob,0.16320234506668782,15
kneeling,0.16347273574931934,9
erect,0.16348939047199554,17
love,0.16371475417916637,1725
sexier,0.16393744498267396,7
dicks,0.165067957245633,70
sexiest,0.1651801401401413,8
rearrange,0.16528961765854056,8
oblige,0.16538949723105525,6
pic,0.16560873331800904,196
massive,0.16657168869756098,322
luv,0.16692419186596474,13
ðŸ¤­,0.16706854776899072,10
hottest,0.1674748577294031,26
holy,0.16754945350965153,401
fleshlight,0.16757579073369128,9
gawd,0.16820314208401405,15
pleasure,0.16885641913296284,91
anytime,0.16906718525099024,123
bulging,0.16932143722124815,5
worshiping,0.1693823880855871,8
ðŸ–¤,0.1709376756019291,5
hangers,0.17124225622882944,8
ðŸ’•,0.1716168041995949,19
ðŸ¤ª,0.17163205250499503,14
yessss,0.17196846967473745,16
unload,0.172434625686369,18
bend,0.17278078893695048,70
anyday,0.17316529992527172,7
omfg,0.1733041515999718,28
hypnotic,0.17334929625010273,5
aching,0.1737552106957386,7
merci,0.1737799406148658,5
inches,0.1738377436805522,85
fuckable,0.17388814109279926,5
yesssss,0.1740495295604853,11
phat,0.17489936137516748,8
yw,0.17585266586776274,6
plump,0.17633550131070785,7
verification,0.17639975815645542,25
handsome,0.17640964468510148,57
puncher,0.1765900526426129,6
impale,0.17664052629008886,9
pleaser,0.17678035124184902,5
pics,0.17720678279586688,163
hunk,0.17801305532081463,9
pecs,0.17807209429928464,7
insides,0.17832979171064609,14
speechless,0.178524710719226,15
lollipop,0.17896142062154077,7
twink,0.1789789635872959,10
thickest,0.17983647560868965,5
choke,0.17992612696658822,62
ðŸ‘ŒðŸ»,0.17996838363283188,12
ðŸ˜©,0.18002619543921422,25
mee,0.18053227759601723,7
worshipping,0.18068929021819172,17
tongue,0.18069637464506708,91
huuuge,0.18155673731773966,5
damm,0.18185636444617195,12
fours,0.18258296344477334,7
damn,0.1835543095042545,975
briefs,0.1842727705244965,9
omg,0.1844290392893551,286
hehe,0.18447586437810862,57
wow,0.18512492923244184,805
sucking,0.18529995159650328,83
monster,0.18559750619841528,259
ðŸ˜Š,0.1856041876356007,92
curve,0.18589716427820843,95
endowed,0.18653590486458574,8
pulsing,0.1876295116734559,5
juicy,0.1877897155157827,44
hung,0.1883646161341859,85
pounding,0.1895378539178564,21
boxers,0.19006883730679208,24
pms,0.19013133956537537,22
magnificent,0.19046491452575215,32
ðŸ™ŒðŸ»,0.19053132492693153,7
lips,0.19067377391834675,75
watering,0.19112907524965247,42
abs,0.1915227294313661,60
cervix,0.1917579359063467,12
flaccid,0.19257144562425574,10
ðŸ‘€ðŸ‘€,0.19260292199669618,5
dayum,0.19292598127139995,14
daaaamn,0.1932193620795883,5
lars,0.1933831709571718,11
yesss,0.19671845549990263,27
fuuuuuck,0.19685142199570915,8
mesmerizing,0.19731960293547157,11
yesssssss,0.1973479536294893,6
yessir,0.19823659828286097,19
pussy,0.19832464150577098,146
â˜º,0.19837739663247214,40
drool,0.19959691538971014,15
undies,0.19983759202648915,12
shaved,0.2001951519684001,37
ðŸ”¥ðŸ”¥,0.2009749919553752,8
ðŸ˜,0.20102293476015287,100
swallowing,0.2011917717445894,20
ride,0.20271109514614294,327
omw,0.20292154235484375,6
glans,0.2030722301858895,6
ðŸ‘€,0.2035667955605872,56
ðŸ˜±,0.2047662299439033,25
worshipped,0.20506156632449474,15
ðŸ¥°,0.20690048329638358,26
ðŸ”¥ðŸ”¥ðŸ”¥,0.20728846519169178,15
niceee,0.20730878282398732,5
gag,0.20763762089980345,52
kneel,0.20783637315899958,21
beautiful,0.20804938734952916,686
ðŸ˜ðŸ˜ðŸ˜,0.2081198946526842,5
mhmm,0.20869387879663912,8
babe,0.20933648612973146,51
tonsils,0.20943960776920054,7
ðŸ˜µ,0.2108881739533296,9
sir,0.21168136988966593,312
ðŸ˜³ðŸ˜³ðŸ˜³,0.21171004396308235,5
ðŸ”¥,0.2119045215068236,41
daaamn,0.2120763298027021,6
thickness,0.21255398214143958,42
tribute,0.2127863816998032,50
yess,0.21279290705376125,22
shaft,0.21369176014654517,49
meeeeee,0.21439630462606463,5
horny,0.21442281461583365,84
wooow,0.21606993561841908,7
bulges,0.21655252946236855,7
gulp,0.21655411108247097,12
spunk,0.21671434080943597,7
ðŸ™ˆ,0.2167526503327116,18
ðŸ˜³,0.2172341852734984,43
delicious,0.2172391880206644,185
robe,0.21754691428841322,25
meaty,0.21824902936038582,24
suck,0.21853160112496017,519
dooo,0.2186930373774355,6
sehr,0.21894365460340626,5
grower,0.22000463648115387,22
gorgeous,0.22051192081679885,218
ðŸ™Š,0.22158246701892667,6
volunteer,0.2219963803214315,113
daaaaamn,0.22330509644807817,6
tasty,0.22401035191239008,104
str8,0.22416574823163024,7
hmu,0.2251789653751715,29
papi,0.22607530005708262,22
wowww,0.226689639245074,6
meeeeeee,0.22788614400861817,5
hottie,0.2281317737938612,13
niceeee,0.22968424118350364,5
meeee,0.23049803882597283,12
slurp,0.23101065849906854,16
stroking,0.23121714236555427,25
bod,0.231440127543691,36
ðŸ‘,0.23150128361632538,7
ðŸ‘‹ðŸ¼,0.23186070613989346,5
gagging,0.23343462792337868,17
ðŸ˜¯,0.23362118442770485,14
hot,0.23364288257829888,985
throated,0.2341287005493548,5
balls,0.2348214158256479,450
perfection,0.23500365176358634,104
ðŸ™‹â™€,0.23580914550170007,5
mouth,0.23601259271227393,532
ðŸ˜Œ,0.23687639552042594,21
softies,0.23754363322168895,5
ðŸ˜,0.23835399284063521,26
woof,0.23845956407287758,33
mmh,0.23874599245079958,7
ðŸ˜»,0.24128980092419708,17
gape,0.2442946728335868,5
cumming,0.24510558177806577,43
bulge,0.24518179869223383,39
meee,0.2458929426377042,13
dick,0.24621624156976146,840
gladly,0.24635325811226907,152
meeeee,0.2479073980111093,13
veins,0.2520390394913862,78
ðŸ˜®,0.25263879321255034,37
mmmmmmmm,0.25300416306850115,8
damnnn,0.25417518353334784,12
unf,0.254671575196943,6
fuckkkk,0.25495607707583745,11
worship,0.2550764698226386,164
mmmmmm,0.25566442764090247,23
throbbing,0.25617239794184293,20
ðŸ˜²,0.25632870584710993,24
ðŸ˜™,0.25705766245159073,6
pleaseee,0.2574657064283426,6
fuckkk,0.2576668106515327,11
throating,0.25796091755478723,7
ðŸ˜š,0.25833220638524634,8
jawbreaker,0.25836620668670524,5
daddy,0.25868222377253614,304
knees,0.25888440247223393,202
mouthful,0.25916839462177277,23
fuckkkkk,0.2604321118153508,8
fuckkkkkk,0.2608449985032575,6
stud,0.26166807337580805,70
hairy,0.2619296678150905,90
fuuuuck,0.26200669981892144,23
ðŸ˜‡,0.2634338023953472,23
damnnnn,0.26507588974410257,11
mmmmmmm,0.2683316523287732,16
fuuuck,0.26984216593495847,19
drooling,0.27220512261831925,52
ðŸ¤©,0.27222593097919956,30
girthy,0.2750672169946971,12
deepthroating,0.27527064165826653,10
swallow,0.2765983568705195,167
lick,0.27851743230986004,165
softie,0.2831496341631163,12
pubes,0.28333609473279797,47
sexy,0.2838844209791548,439
ðŸ¥µ,0.28514240360444754,19
ðŸ’¦,0.285242054173476,27
ðŸ’¦ðŸ’¦ðŸ’¦,0.28544958103433665,9
ðŸ˜˜ðŸ˜˜ðŸ˜˜,0.2854537997557842,7
fuckk,0.2859760042718839,10
ðŸ™‹ðŸ¼â™€,0.28659831849912837,7
foreskin,0.2877085810097993,98
thick,0.28887016377008706,471
damnnnnn,0.2897698816549562,9
ðŸ’¦ðŸ’¦,0.2897698816549562,9
slobber,0.2919563775460738,14
mmmmm,0.29199330368322407,67
kik,0.29251895448664517,134
ðŸ™‹ðŸ½â™‚,0.2927277747982099,5
ðŸ™‹ðŸ»â™€,0.2932524709066457,11
ðŸ™‹â™‚,0.2954593756079134,15
throat,0.2970906277759552,346
throb,0.29922153278943275,10
ðŸ‘„,0.29999894778290365,12
cum,0.30009045254626415,373
onlyfans,0.30082695363916945,6
ðŸ˜»ðŸ˜»ðŸ˜»,0.30097421776241123,8
ðŸ†,0.3035686818154205,28
ðŸ˜®ðŸ˜®,0.30556677799314613,6
ðŸ˜‰ðŸ˜‰,0.3063475049326276,14
ðŸ˜ðŸ˜ðŸ˜ðŸ˜ðŸ˜,0.30706536469853146,13
ðŸ˜ˆðŸ˜ˆðŸ˜ˆ,0.30950988522393336,9
mmmm,0.3098699568105707,151
mmm,0.3148529957000399,230
ðŸ˜œ,0.31496976732851634,120
cocks,0.3158100488814793,113
hotttt,0.3171069123171456,5
ðŸ˜˜ðŸ˜˜,0.31853106226150363,16
ðŸ˜‰,0.31883230125221484,362
ðŸ˜ðŸ˜,0.32029489866622585,17
ðŸ¥°ðŸ˜,0.3215690084143147,6
cumshots,0.3218585056452408,7
ðŸ˜ðŸ˜ðŸ˜ðŸ˜ðŸ˜ðŸ˜,0.3229683396062407,7
ðŸ’‹,0.32374019792104014,22
ðŸ˜â¤,0.32406062239713057,9
ðŸ˜œðŸ˜œ,0.32535499266754064,8
ðŸ™‹ðŸ¼â™‚,0.32630928850086083,10
ðŸ˜œðŸ˜œðŸ˜œ,0.32716095140251544,6
ðŸ˜ðŸ˜ðŸ˜ðŸ˜ðŸ˜ðŸ˜ðŸ˜,0.32865347260633776,6
yummy,0.3294214246687611,191
ðŸ™‹ðŸ¾â™‚,0.33110440646040606,5
hott,0.3331916147244422,19
ðŸ˜,0.3358123771512426,234
ðŸ‘…ðŸ’¦,0.33679900689034764,6
ðŸ˜›,0.3369363175536232,86
ðŸ˜ðŸ”¥,0.3374573784340965,5
yum,0.33964341204858867,200
ðŸ˜›ðŸ˜›ðŸ˜›,0.34043192722772675,6
ðŸ™‹ðŸ»â™‚,0.3406887648543084,20
ðŸ˜‹ðŸ˜‹ðŸ˜‹,0.34154978929363805,12
welcum,0.3468142735413667,8
girth,0.3468270867485918,99
youðŸ˜˜,0.34729142400828905,5
ðŸ˜ˆðŸ˜ˆ,0.34806136506258034,14
cockhead,0.34813433592345455,11
yummmmm,0.3511801406083806,11
cumshot,0.35170203226744234,23
ðŸ˜‹ðŸ˜‹,0.35192101295875544,17
ðŸ˜‹ðŸ¤¤,0.35297435109008457,5
yumm,0.35309417558532313,24
ðŸ˜ðŸ˜ðŸ˜ðŸ˜,0.3544099317856768,40
ðŸ˜˜,0.35455941155721543,196
ðŸ˜ðŸ˜ðŸ˜,0.3554312288699114,128
ðŸ˜©ðŸ˜,0.3554804476363452,6
precum,0.3583440113435874,51
yummmm,0.35840551268835585,20
yummm,0.35872197244840426,26
mouthwatering,0.35886428774268264,18
ðŸ˜‹,0.36278663393334953,204
uncut,0.3654464872020301,145
yummmmmmm,0.36652972865829825,5
deepthroat,0.36701105675861156,55
ðŸ˜ðŸ˜,0.3681380634143521,136
ðŸ˜ðŸ˜˜,0.36942945110344916,12
ðŸ˜ˆ,0.3701939205700305,148
ðŸ¤¤ðŸ’¦,0.37052695854370504,5
8x6,0.372477991225657,11
youðŸ˜,0.37282777395839917,6
ðŸ™‹â™‚ðŸ™‹â™‚ðŸ™‹â™‚,0.37484429571976313,5
ðŸ˜©ðŸ¤¤,0.37484429571976313,5
ðŸ˜,0.3767709446606994,662
ðŸ˜›ðŸ˜›,0.3772414187247982,11
bwc,0.37985560590815304,19
ðŸ˜ðŸ˜‰,0.3846783412939556,5
ðŸ¤¤ðŸ¤¤ðŸ¤¤ðŸ¤¤ðŸ¤¤,0.3860953443585368,9
ðŸ˜‰ðŸ˜,0.3884988567568239,6
wowðŸ˜,0.3914044986015755,9
meðŸ˜,0.39585987877728973,7
ðŸ¤¤â¤,0.3967142403494417,5
ðŸ’¦ðŸ‘…,0.3967142403494417,5
ðŸ˜ðŸ¤¤,0.3967142403494417,5
ðŸ†ðŸ¤¤,0.3967142403494417,5
ðŸ‘…ðŸ‘…ðŸ‘…ðŸ‘…ðŸ‘…,0.3967142403494417,5
ðŸ˜ðŸ˜›,0.3967142403494417,5
hottt,0.3985761323035917,19
veiny,0.3986408467769608,80
ðŸ˜ðŸ˜œ,0.4002570179285084,7
ðŸ˜‹ðŸ˜,0.4002570179285084,7
ðŸ¤¤ðŸ˜‹,0.40207372522657425,8
massivecock,0.40503698031962376,7
ðŸ‘…ðŸ‘…ðŸ‘…,0.4060062180165893,19
ðŸ˜ðŸ˜ðŸ¤¤ðŸ¤¤,0.4102728367181429,7
meðŸ¤¤,0.41058600743285456,6
ðŸ¤¤ðŸ¤¤ðŸ˜,0.41127270466188937,9
ðŸ˜ðŸ‘…,0.41127270466188937,9
ðŸ‘…ðŸ‘…,0.41164115883567365,18
ðŸ˜ðŸ˜ðŸ˜ðŸ¤¤,0.4122312130054297,5
ðŸ˜±ðŸ¤¤,0.4122312130054297,5
ðŸ‘…ðŸ¤¤,0.4122312130054297,5
youðŸ¤¤,0.4122312130054297,5
ðŸ¤¤ðŸ¤¤ðŸ¤¤ðŸ¤¤,0.41375284069033863,26
cockðŸ˜,0.4160608074384885,7
ðŸ¤¤ðŸ¤¤ðŸ˜ðŸ˜,0.4178599452635082,6
ðŸ‘…,0.41812373626749755,87
ðŸ˜ðŸ˜ðŸ¤¤,0.42069439069190123,8
ðŸ˜ðŸ˜‹,0.42107049408386776,14
ðŸ˜ðŸ˜ˆ,0.42206525857962224,5
ðŸ˜ðŸ‘…,0.42206525857962224,5
daddyðŸ˜,0.42206525857962224,5
ðŸ¤¤ðŸ‘…,0.42652513302897954,8
ðŸ¤¤ðŸ˜œ,0.4298667435940623,7
ðŸ˜ðŸ˜ˆ,0.43001553996436936,9
ðŸ˜ðŸ¤¤ðŸ¤¤,0.43001553996436936,9
ðŸ¤¤ðŸ˜,0.441089354644659,32
suckable,0.4482984434875484,38
ðŸ¤¤ðŸ¤¤,0.4506830749716101,117
ðŸ¤¤ðŸ¤¤ðŸ¤¤,0.45359821911371895,127
cock,0.4583392845163057,1931
ðŸ¤¤,0.4591636178615161,519
ðŸ˜ðŸ¤¤,0.4652194319541678,63
